CHROM	n	nSNP	p0	p1	Md_p	GENPOS	POS	pi	pf	pr1	pr2
Chr01	0	290	0	300	150.0	12.293606132517137	1492744.1517241378	72791	2851022	0.9629901541107497	0.0370098458892503
Chr01	1	300	10	320	165.0	13.431515413482192	1648264.1066666667	157472	3286682	0.9664460378626137	0.0335539621373864
Chr01	2	350	20	380	200.0	16.09692416006347	2076332.1657142858	392123	4818883	0.9683982673243601	0.03160173267563984
Chr01	3	340	30	380	205.0	16.489491560084144	2125230.7323529413	446012	4818883	0.967468804598606	0.03253119540139395
Chr01	4	330	40	380	210.0	16.890836933300296	2175957.3393939394	461566	4818883	0.9683011922531093	0.03169880774689066
Chr01	5	320	50	380	215.0	17.28467588320584	2227746.040625	540811	4818883	0.967310604511019	0.032689395488981005
Chr01	6	310	60	380	220.0	17.67050742205871	2280074.122580645	685491	4818883	0.9673313766995464	0.03266862330045351
Chr01	7	310	70	390	230.0	18.45279642252093	2417802.829032258	705657	5014088	0.9654252177019457	0.03457478229805428
Chr01	8	300	80	390	235.0	18.826714153493015	2472633.24	854252	5014088	0.9642727249586772	0.035727275041322754
Chr01	9	290	90	390	240.0	19.197733050051593	2526591.168965517	924257	5014088	0.9641901752446086	0.035809824755391344
Chr01	10	280	100	390	245.0	19.5700166152248	2580921.0107142855	1104008	5014088	0.962911252931916	0.037088747068083884
Chr01	11	270	110	390	250.0	19.947852409773496	2634664.074074074	1193877	5014088	0.9627721635343328	0.03722783646566725
Chr01	12	260	120	390	255.0	20.325929232095564	2689121.8307692306	1232946	5014088	0.9613403236702687	0.038659676329731364
Chr01	13	260	130	400	265.0	21.1103137582875	2839596.230769231	1382592	5363393	0.9605244724729809	0.03947552752701899
Chr01	14	300	140	450	295.0	23.317674031611617	3377307.453333333	1594659	6558344	0.9663828901480598	0.03361710985194031
Chr01	15	300	150	460	305.0	24.004326309470777	3551014.77	1629370	7012519	0.9663828901480598	0.0336171098519403
Chr01	16	410	160	580	370.0	27.685516885524667	4982278.124390244	1719400	9636194	0.9754241666363567	0.024575833363643405
Chr01	17	400	170	580	375.0	28.009010281442862	5062832.4125	1794625	9636194	0.9748082309630823	0.025191769036917677
Chr01	18	390	180	580	380.0	28.343054004298388	5146624.528205128	1795609	9636194	0.9741606276459379	0.025839372354062095
Chr01	19	380	190	580	385.0	28.688834555380183	5234165.768421053	1857109	9636194	0.9734788500112661	0.02652114998873392
Chr01	20	370	200	580	390.0	29.040711913639328	5325133.321621622	1923284	9636194	0.9727601196592679	0.027239880340732128
Chr01	21	360	210	580	395.0	29.372032447378746	5417494.236111111	2046267	9636194	0.9720013486191361	0.02799865138086394
Chr01	22	350	220	580	400.0	29.70685908250411	5512172.394285714	2192031	9636194	0.9711990949979079	0.028800905002092134
Chr01	23	480	230	720	475.0	32.659043927148865	7917304.225	2309079	18690644	0.9788764461954136	0.021123553804586366
Chr01	24	470	240	720	480.0	32.95014955194631	8036122.244680851	2392015	18690644	0.9784260505919042	0.02157394940809567
Chr01	25	460	250	720	485.0	33.240077971119554	8156606.543478261	2525672	18690644	0.9779560299076321	0.022043970092367905
Chr01	26	450	260	720	490.0	33.528120902920925	8280839.715555555	2606542	18690644	0.9774650728899846	0.0225349271100153
Chr01	27	640	270	920	595.0	36.35548363545413	14935982.7734375	2650053	36390424	0.9836439505387634	0.01635604946123663
Chr01	28	630	280	920	600.0	36.5978358856669	15130818.758730158	2682366	36390424	0.983383917955914	0.01661608204408618
Chr01	29	830	290	1130	710.0	39.914659539004525	22130804.663855422	2881518	46338393	0.9867383116407632	0.013261688359236797
Chr01	30	820	300	1130	715.0	40.118510006157706	22363625.052439023	3200645	46338393	0.986983386670972	0.013016613329028048
Chr01	31	810	310	1130	720.0	40.32341952091927	22599756.595061727	3286721	46338393	0.9872345204163897	0.01276547958361018
Chr01	32	840	320	1170	745.0	41.18746582936745	23967493.704761904	3370913	46764919	0.9876115141241868	0.012388485875813232
Chr01	33	830	330	1170	750.0	41.3773964573661	24214319.538554218	3696705	46764919	0.9874620752113301	0.012537924788669845
Chr01	34	820	340	1170	755.0	41.54961481558541	24464059.39268293	3797730	46764919	0.9873089869965723	0.01269101300342772
Chr01	35	810	350	1170	760.0	41.72340483628893	24717501.390123457	4125295	46764919	0.9871521141535139	0.012847885846486159
Chr01	36	830	360	1200	780.0	42.370926018727694	25769616.424096387	4510248	47260168	0.9859633731074977	0.014036626892502298
Chr01	37	820	370	1200	785.0	42.518685084749386	26025954.018292684	4818952	47260168	0.9874199873497546	0.012580012650245507
Chr01	38	830	380	1220	800.0	42.97299381677458	26792987.921686746	5014125	47368997	0.9876813979839628	0.012318602016037197
Chr01	39	840	390	1240	815.0	43.41802008730796	27541385.66547619	5363423	47582042	0.9876837507826777	0.012316249217322276
Chr01	40	830	400	1240	820.0	43.55780321764132	27807365.827710845	5476809	47582042	0.9875351832408523	0.012464816759147634
Chr01	41	820	410	1240	825.0	43.69588530593936	28078671.268292684	5645136	47582042	0.9873829876760276	0.012617012323972391
Chr01	42	810	420	1240	830.0	43.83269726308194	28354681.571604937	5765083	47582042	0.9872427986502057	0.012757201349794304
Chr01	43	800	430	1240	835.0	43.96812214800153	28635634.8675	6094554	47582042	0.9870833336333332	0.012916666366666734
Chr01	44	800	440	1250	845.0	44.25077219173929	29151689.85875	6558348	47629567	0.9870833336333332	0.012916666366666737
Chr01	45	800	450	1260	855.0	44.52192932623995	29661882.49875	7012534	47661266	0.9870833336333332	0.012916666366666735
Chr01	46	790	460	1260	860.0	44.6413782333988	29947678.362025317	7143559	47661266	0.986919831527426	0.013080168472573908
Chr01	47	780	470	1260	865.0	44.7613592046268	30238710.138461538	7395723	47661266	0.986752137059829	0.01324786294017101
Chr01	48	770	480	1260	870.0	44.88223672461656	30534950.461038962	7604865	47661266	0.9865800868917748	0.01341991310822518
Chr01	49	760	490	1260	875.0	45.00431213128331	30835908.45	7693925	47661266	0.9864035090877192	0.013596490912280774
Chr01	50	750	500	1260	880.0	45.12929718760877	31144141.685333334	7766751	47661266	0.9862222225422221	0.013777777457777854
Chr01	51	740	510	1260	885.0	45.257195009331966	31459508.90945946	7871652	47661266	0.9860360363603603	0.013963963639639716
Chr01	52	730	520	1260	890.0	45.38821778945372	31782314.328767125	8371502	47661266	0.9858447491872145	0.014155250812785465
Chr01	53	720	530	1260	895.0	45.520853314349864	32104278.816666666	9336488	47661266	0.9856481484814814	0.014351851518518597
Chr01	54	710	540	1260	900.0	45.65340328898473	32424774.408450704	9413885	47661266	0.9854460097276995	0.01455399027230055
Chr01	55	700	550	1260	905.0	45.78857238207023	32753145.404285714	9492433	47661266	0.9852380955809523	0.0147619044190477
Chr01	56	690	560	1260	910.0	45.92557356260351	33089175.97826087	9632956	47661266	0.985024154937198	0.014975845062802015
Chr01	57	680	570	1260	915.0	46.06539399487916	33434101.87352941	9638470	47661266	0.9850980395686274	0.014901960431372634
Chr01	58	670	580	1260	920.0	46.20569837205747	33786964.389552236	10013104	47661266	0.9848756222487561	0.015124377751243867
Chr01	59	660	590	1260	925.0	46.34083548181397	34145737.346969694	10189442	47661266	0.984646465010101	0.015353534989899078
Chr01	60	650	600	1260	930.0	46.470870811393574	34508886.61384615	10639825	47661266	0.9844102567794871	0.01558974322051291
Chr01	61	640	610	1260	935.0	46.601826203037966	34880008.359375	11195169	47661266	0.9841666670416667	0.015833332958333425
Chr01	62	630	620	1260	940.0	46.73297440545522	35250655.52857143	12658717	47661266	0.9839153442962962	0.016084655703703796
Chr01	63	670	630	1310	970.0	47.601835321867654	36520466.46865672	13185744	47944955	0.9845042353562531	0.015495764643746933
Chr01	64	660	640	1310	975.0	47.73388217624722	36872667.910606064	13502397	47944955	0.9842690947698532	0.01573090523014673
Chr01	65	650	650	1310	980.0	47.864960732239	37230361.61384615	13759860	47944955	0.9840267079404211	0.015973292059578884
Chr01	66	640	660	1310	985.0	47.99233610604547	37592148.6625	14470201	47944955	0.9837767346687533	0.016223265331246788
Chr01	67	660	670	1340	1005.0	48.56651758182387	38421611.78787879	14869507	48368022	0.9835241639515585	0.016475836048441432
Chr01	68	650	680	1340	1010.0	48.69621966660766	38780321.475384615	15982874	48368022	0.9832702989893329	0.016729701010667033
Chr01	69	640	690	1340	1015.0	48.82580304416925	39124470.5296875	17423999	48368022	0.983008488331889	0.01699151166811096
Chr01	70	630	700	1340	1020.0	48.95818241443634	39463562.01269841	18272440	48368022	0.9827383530112513	0.01726164698874865
Chr01	71	620	710	1340	1025.0	49.09412434188954	39803211.714516126	18711176	48368022	0.982782591347459	0.017217408652541035
Chr01	72	610	720	1340	1030.0	49.232928210690815	40138301.096721314	20393121	48368022	0.9824998752776307	0.01750012472236929
Chr01	73	600	730	1340	1035.0	49.37391415183441	40464008.03666667	20778084	48368022	0.9822077196061387	0.017792280393861267
Chr01	74	590	740	1340	1040.0	49.518574452477985	40792787.87288135	22285420	48368022	0.9819056435383313	0.018094356461668758
Chr01	75	580	750	1340	1045.0	49.66290442879806	41094323.343103446	25262385	48368022	0.9815931330640365	0.018406866935963558
Chr01	76	570	760	1340	1050.0	49.8068401231857	41362761.319298245	26358584	48368022	0.9812696380387999	0.018730361961200176
Chr01	77	560	770	1340	1055.0	49.95300068597378	41613810.95	28279653	48368022	0.9809345689518374	0.01906543104816261
Chr01	78	550	780	1340	1060.0	50.10215079255438	41852435.04181818	28682344	48368022	0.9805872933407598	0.01941270665924025
Chr01	79	540	790	1340	1065.0	50.25618737619944	42094160.52037037	28851288	48368022	0.9802271318071932	0.019772868192806853
Chr01	80	530	800	1340	1070.0	50.41545266755283	42339910.79245283	29545374	48368022	0.9798533535804861	0.020146646419513983
Chr01	81	520	810	1340	1075.0	50.57950332996753	42583581.301923074	29879235	48368022	0.9794651715685493	0.02053482843145067
Chr01	82	510	820	1340	1080.0	50.74922956807943	42830558.039215684	30047722	48368022	0.9790617368252988	0.020938263174701176
Chr01	83	500	830	1340	1085.0	50.92400316411323	43073813.43	31042479	48368022	0.97864213235286	0.021357867647140077
Chr01	84	490	840	1340	1090.0	51.104430549808534	43316057.051020406	31412341	48368022	0.978205366143307	0.021794633856693044
Chr01	85	480	850	1340	1095.0	51.289997750038395	43552507.93333333	32443207	48368022	0.977750363348804	0.02224963665119603
Chr01	86	470	860	1340	1100.0	51.481784831929744	43788199.25531915	33423017	48368022	0.9772759574500578	0.022724042549942213
Chr01	87	460	870	1340	1105.0	51.677496896464405	44009736.17826087	34166388	48368022	0.9767808802703205	0.023219119729679518
Chr01	88	450	880	1340	1110.0	51.87695385623479	44219530.02	35037454	48368022	0.9762637506549602	0.02373624934503986
Chr01	89	440	890	1340	1115.0	52.07840814236342	44415135.02272727	35998139	48368022	0.9757230616038203	0.02427693839617972
Chr01	90	430	900	1340	1120.0	52.285454397028275	44609309.27209302	36170466	48368022	0.9751571656039094	0.024842834396090672
Chr01	91	480	910	1400	1155.0	53.31017222856848	45291504.30833333	36390429	48884541	0.977750363348804	0.022249636651196024
Chr01	92	470	920	1400	1160.0	53.5215686894593	45477650.234042555	36634069	48884541	0.9772759574500578	0.022724042549942213
Chr01	93	460	930	1400	1165.0	53.73556801432621	45658206.28478261	37522983	48884541	0.9775070966828114	0.022492903317188596
Chr01	94	450	940	1400	1170.0	53.954470116912724	45838003.255555555	37663586	48884541	0.9770061411523617	0.02299385884763823
Chr01	95	440	950	1400	1175.0	54.179058620912144	46018561.961363636	38135409	48884541	0.976482363046493	0.023517636953506987
Chr01	96	430	960	1400	1180.0	54.41062417546298	46201749.2	38148670	48884541	0.9759341663809101	0.024065833619089903
Chr01	97	420	970	1400	1185.0	54.651816130376375	46391419.5952381	38294018	48884541	0.9753598028100487	0.024640197189951234
Chr01	98	410	980	1400	1190.0	54.90248094678852	46586755.29268292	38515452	48884541	0.9747573530010035	0.0252426469989965
Chr01	99	400	990	1400	1195.0	55.15894286495842	46781855.9675	39061170	48884541	0.9741247052065425	0.025875294793457567
Chr01	100	390	1000	1400	1200.0	55.41805800935602	46972410.45897436	39575263	48884541	0.9734595305331888	0.026540469466811233
Chr01	101	380	1010	1400	1205.0	55.68407462072112	47164300.81315789	39899156	48884541	0.9727592542939589	0.02724074570604108
Chr01	102	370	1020	1400	1210.0	55.80626903954947	47239663.58108108	45581023	48884541	0.9720210227030093	0.0279789772969907
Chr01	103	360	1030	1400	1215.0	55.891860850109595	47285366.63888889	45614204	48884541	0.9712416640039288	0.02875833599607123
Chr01	104	350	1040	1400	1220.0	55.97967636645668	47331999.19428571	45729347	48884541	0.9704176429152161	0.02958235708478387
Chr01	105	340	1050	1400	1225.0	56.065449332594206	47377052.479411766	45830392	48884541	0.9695450070130102	0.030454992986989886
Chr01	106	330	1060	1400	1230.0	56.15248499395223	47422608.448484845	45981185	48884541	0.9686193233355941	0.03138067666440598
Chr01	107	320	1070	1400	1235.0	56.23465700353196	47465369.18125	46143471	48884541	0.9676356030639826	0.032364396936017455
Chr01	108	310	1080	1400	1240.0	56.316205145004545	47507682.6516129	46169498	48884541	0.9665882115773801	0.03341178842261996
Chr01	109	300	1090	1400	1245.0	56.39904781020002	47550554.46666667	46289469	48884541	0.9654707604595667	0.03452923954043333
Chr01	110	290	1100	1400	1250.0	56.48265167980896	47593645.97586207	46308056	48884541	0.9642759770844652	0.03572402291553484
Chr01	111	330	1110	1450	1280.0	57.084995194918925	47855138.4	46315216	49276084	0.967606152109657	0.03239384789034316
Chr01	112	330	1120	1460	1290.0	57.309828276022536	47945773.25454546	46338427	49363147	0.9691259089485627	0.030874091051437385
Chr01	113	320	1130	1460	1295.0	57.41187641724222	47995945.96875	46346760	49363147	0.9681580691036901	0.031841930896310044
Chr01	114	310	1140	1460	1300.0	57.51628119538497	48046874.977419354	46555247	49363147	0.9671275859031622	0.032872414096837874
Chr01	115	300	1150	1460	1305.0	57.61928157640774	48096165.13	46612160	49363147	0.9660281740604586	0.03397182593954148
Chr01	116	320	1160	1490	1325.0	58.13864964510647	48275006.665625	46764940	49658670	0.968367055519573	0.03163294448042706
Chr01	117	330	1170	1510	1340.0	58.511788848031685	48405065.07575758	46877769	49729099	0.9662890295159385	0.033710970484061506
Chr01	118	320	1180	1510	1345.0	58.617245503875324	48448322.715625	47167210	49729099	0.9652322592813285	0.034767740718671586
Chr01	119	320	1190	1520	1355.0	58.86403295359416	48527855.584375	47260195	49822815	0.968367055519573	0.03163294448042707
Chr01	120	320	1200	1530	1365.0	59.13753435027364	48608969.653125	47349220	49930055	0.968367055519573	0.03163294448042706
Chr01	121	320	1210	1540	1375.0	59.42934124252688	48692979.134375	47369066	50082275	0.968367055519573	0.03163294448042706
Chr01	122	340	1220	1570	1395.0	60.05598281200982	48858733.73235294	47406632	50312202	0.9702333059313976	0.029766694068602457
Chr01	123	350	1230	1590	1410.0	60.552099622098176	48986382.93714286	47582116	50479124	0.9696535550451111	0.030346444954888925
Chr01	124	340	1240	1590	1415.0	60.679441127074995	49027095.41470588	47629573	50479124	0.9697416638468351	0.030258336153164905
Chr01	125	370	1250	1630	1440.0	61.81822501824931	49244520.2	47661271	50878267	0.9703950064428466	0.029604993557153302
Chr01	126	360	1260	1630	1445.0	61.96711928916937	49287414.83611111	47745498	50878267	0.9696548816039178	0.030345118396082137
Chr01	127	350	1270	1630	1450.0	62.12056704863723	49331204.24	47769873	50878267	0.9687878782211726	0.031212121778827345
Chr01	128	340	1280	1630	1455.0	62.277835924146586	49375653.07941177	47854665	50878267	0.9678698746394424	0.03213012536055756
Chr01	129	330	1290	1630	1460.0	62.43992203081187	49421142.29090909	47898482	50878267	0.9679063354871024	0.032093664512897684
Chr01	130	320	1300	1630	1465.0	62.607333195418754	49467875.85	47953360	50878267	0.9684659084710743	0.03153409152892574
Chr01	131	310	1310	1630	1470.0	62.77048409125313	49513093.22258064	48123010	50878267	0.9674486797120767	0.03255132028792334
Chr01	132	300	1320	1630	1475.0	62.93371920676035	49558318.77666666	48250147	50878267	0.9663636357024793	0.03363636429752079
Chr01	133	310	1330	1650	1490.0	63.74163005112508	49691299.061290324	48368029	51096087	0.9649071355549631	0.03509286444503694
Chr01	134	300	1340	1650	1495.0	63.908184906465394	49733948.10666667	48436704	51096087	0.9637373734067951	0.03626262659320484
Chr01	135	290	1350	1650	1500.0	64.08192584770767	49777260.21379311	48503053	51096087	0.9624869380070294	0.03751306199297053
Chr01	136	280	1360	1650	1505.0	64.26382577761113	49816733.946428575	48806197	51096087	0.9623376619834709	0.037662338016529
Chr01	137	270	1370	1650	1510.0	64.45661783568276	49853809.085185185	48824589	51096087	0.9609427605754514	0.03905723942454859
Chr01	138	260	1380	1650	1515.0	64.66350136569292	49893123.28076923	48850779	51096087	0.960722610341174	0.039277389658826094
Chr01	139	260	1390	1660	1525.0	65.26029067553719	49979133.723076925	48916240	51134643	0.9611499607685243	0.03885003923147566
Chr01	140	250	1400	1660	1530.0	65.4974649458477	50020519.208	48964217	51134643	0.9595959591992653	0.04040404080073468
Chr01	141	240	1410	1660	1535.0	65.74907483587006	50063899.19583333	49062512	51134643	0.9579124574992347	0.04208754250076529
Chr01	142	240	1420	1670	1545.0	66.4334265759253	50155960.34166667	49064690	51343360	0.9551346797214569	0.04486532027854309
Chr01	143	230	1430	1670	1550.0	66.70792222182894	50202098.526086956	49140860	51343360	0.9531840136223898	0.04681598637761019
Chr01	144	220	1440	1670	1555.0	66.96787078793884	50246273.56818182	49277366	51343360	0.9556014687870439	0.044398531212956095
Chr02	0	40	0	50	25.0	12.558458779408843	8346843.15	598713	25166715	0.7050088199154216	0.29499118008457836
Chr02	1	40	10	60	35.0	17.61723361024469	14699300.825	2473334	27591922	0.6937658543122677	0.30623414568773233
Chr02	2	40	20	70	45.0	21.89053403279477	20924473.675	3241486	27727283	0.6817443256911285	0.3182556743088715
Chr02	3	30	30	70	50.0	24.2256034046782	25233206.566666666	12351237	27727283	0.6468053465432163	0.35319465345678364
Chr02	4	30	40	80	60.0	26.279194548344684	27607430.7	25166797	28210093	0.6633885564468169	0.3366114435531831
Chr02	5	30	50	90	70.0	26.892647444292137	28004682.766666666	27592702	28595345	0.66283726742644	0.33716273257356005
Chr02	6	40	60	110	85.0	32.94396867359875	31847771.1	27740229	40951708	0.7286215296119789	0.2713784703880211
Chr02	7	40	70	120	95.0	38.4422150800478	35256474.325	28210156	41768916	0.7271821307139064	0.27281786928609353
Chr02	8	40	80	130	105.0	44.946600662500785	39018304.1	28636395	44880352	0.7365656772807372	0.26343432271926276
Chr02	9	60	90	160	125.0	57.43383402297469	44108748.833333336	34995757	48692604	0.8097290865731511	0.19027091342684882
Chr02	10	50	100	160	130.0	59.709566492644655	44963359.74	41552414	48692604	0.7942012172772556	0.20579878272274438
Chr02	11	50	110	170	140.0	65.62078305976715	46427269.64	42196260	49155065	0.7911207968675551	0.2088792031324449
Chr02	12	50	120	180	150.0	70.73827004474795	47625754.34	44880444	49490530	0.7941798067082242	0.20582019329177578
Chr02	13	50	130	190	160.0	74.74628987992382	48471551.54	46311737	49625693	0.7607761977133771	0.23922380228662277
Chr02	14	40	140	190	165.0	76.80206557368244	48879979.05	47169127	49625693	0.7146066132574245	0.2853933867425756
Chr02	15	30	150	190	170.0	78.93393291455028	49312347.9	48699464	49625693	0.7058391273184403	0.2941608726815596
Chr03	0	40	0	50	25.0	1.746027387704057	737831.3	35062	1033624	0.7383069824503831	0.26169301754961705
Chr03	1	40	10	60	35.0	2.588351526965795	990164.625	547679	1303182	0.7416666666666668	0.25833333333333325
Chr03	2	70	20	100	60.0	4.873665007892833	1448762.342857143	990156	2075668	0.8333333333333333	0.16666666666666666
Chr03	3	70	30	110	70.0	5.732559095305911	1612342.3142857142	994623	2213901	0.8452380952380952	0.15476190476190474
Chr03	4	70	40	120	80.0	6.9151485091670075	1811234.342857143	1040484	2504314	0.8357142857142859	0.16428571428571428
Chr03	5	70	50	130	90.0	8.082545083760163	2000149.657142857	1303186	2587738	0.8190476190476191	0.18095238095238095
Chr03	6	60	60	130	95.0	8.576938414754828	2088141.1833333333	1582764	2587738	0.7944444444444444	0.20555555555555555
Chr03	7	50	70	130	100.0	9.113720153184717	2178905.16	1730780	2587738	0.76	0.24
Chr03	8	40	80	130	105.0	9.729908898600467	2273445.45	1991791	2587738	0.725	0.275
Chr03	9	40	90	140	115.0	10.966476958556681	2425760.4	2075695	2697188	0.6875	0.3125
Chr03	10	30	100	140	120.0	11.78416194430515	2522236.1	2214037	2697188	0.6333333333333333	0.36666666666666664
Chr03	11	30	110	150	130.0	12.687178918054013	2633325.5	2504341	2831221	0.6333333333333333	0.36666666666666664
Chr03	12	30	120	160	140.0	13.653210157170076	2780700.2	2587767	3010734	0.6651515118457295	0.3348484881542706
Chr03	13	30	130	170	150.0	14.999438846259045	3014264.933333333	2697275	3651279	0.6484848451790628	0.35151515482093726
Chr03	14	50	140	200	170.0	17.15091566587072	3510818.66	2840948	3952533	0.782424240440771	0.21757575955922903
Chr03	15	60	150	220	185.0	18.238361680934748	3930970.216666667	3135053	4762070	0.8277777777777777	0.1722222222222222
Chr03	16	80	160	250	205.0	18.94794243326906	4386691.3625	3651290	5195324	0.8745833333333334	0.12541666666666668
Chr03	17	90	170	270	220.0	19.260413954182358	4649147.266666667	3700345	5233877	0.8866666666666666	0.11333333333333333
Chr03	18	90	180	280	230.0	19.47441885824891	4826557.933333334	3764812	5347317	0.8811111111111111	0.11888888888888888
Chr03	19	110	190	310	250.0	19.846814721694507	5162748.30909091	3952594	5854960	0.9087878787878788	0.09121212121212122
Chr03	20	120	200	330	265.0	20.105885933553015	5381763.191666666	4509904	6166468	0.9098989890725434	0.09010101092745652
Chr03	21	110	210	330	270.0	20.170310878213993	5445352.718181818	4762077	6166468	0.9062534426245928	0.09374655737540712
Chr03	22	100	220	330	275.0	20.236740231636826	5509444.98	4882828	6166468	0.8988787868870521	0.10112121311294785
Chr03	23	110	230	350	290.0	20.499755467968406	5693021.818181818	4974679	6305995	0.9026410888872038	0.0973589111127962
Chr03	24	120	240	370	305.0	20.76331795756561	5854706.391666667	5211155	6445174	0.9066208293168505	0.09337917068314947
Chr03	25	110	250	370	310.0	20.846349656804374	5913176.2	5212183	6445174	0.9072282448505066	0.09277175514949342
Chr03	26	110	260	380	320.0	21.039417870702756	6026211.527272727	5233958	6471817	0.898053932923901	0.1019460670760989
Chr03	27	100	270	380	325.0	21.149937088811882	6098604.94	5347323	6471817	0.8978573604919718	0.10214263950802811
Chr03	28	100	280	390	335.0	21.398254659638084	6210148.86	5808805	6768475	0.8843893470239584	0.11561065297604159
Chr03	29	90	290	390	340.0	21.49264179527704	6254431.877777778	5815832	6768475	0.8751447043674743	0.12485529563252566
Chr03	30	80	300	390	345.0	21.603462505997328	6305247.65	5998286	6768475	0.8656693504899394	0.13433064951006055
Chr03	31	80	310	400	355.0	21.88793476458419	6403948.2875	6064856	6810080	0.8461538461538461	0.15384615384615388
Chr03	32	70	320	400	360.0	22.001958744551143	6446208.028571429	6166472	6810080	0.8357843137254901	0.1642156862745098
Chr03	33	70	330	410	370.0	22.37459529286778	6557697.114285714	6247275	7115749	0.8431372549019607	0.1568627450980392
Chr03	34	70	340	420	380.0	22.988014688622588	6691920.571428572	6305997	7249407	0.8109354399329257	0.18906456006707417
Chr03	35	60	350	420	385.0	23.215802539339773	6751931.283333333	6387276	7249407	0.7788905992435913	0.22110940075640878
Chr03	36	50	360	420	390.0	23.50132597989912	6823693.76	6445202	7249407	0.7745825582728955	0.22541744172710448
Chr03	37	50	370	430	400.0	24.569146800469763	7008682.62	6525241	7425994	0.7881880004497663	0.21181199955023366
Chr03	38	60	380	450	415.0	25.855919697020298	7212057.416666667	6768485	7674611	0.8091936278657135	0.19080637213428644
Chr03	39	70	390	470	430.0	26.646892116564857	7452395.171428571	6810109	7933831	0.8450216393545839	0.15497836064541623
Chr03	40	70	400	480	440.0	27.21579061473513	7625318.2	7115756	8261254	0.8307359250688694	0.16926407493113055
Chr03	41	80	410	500	455.0	27.654130622837506	7877290.0	7296183	8650774	0.8628787841597789	0.13712121584022108
Chr03	42	70	420	500	460.0	27.702516891313675	7947937.314285714	7426029	8650774	0.8551948009445093	0.14480519905549072
Chr03	43	80	430	520	475.0	28.084603254497516	8244659.075	7427508	9060422	0.8566287841597789	0.14337121584022108
Chr03	44	80	440	530	485.0	28.328745713061704	8453974.7375	7716962	9248924	0.8530303005509637	0.1469696994490363
Chr03	45	70	450	530	490.0	28.494984022626245	8551592.457142858	7908547	9248924	0.8523809523809524	0.1476190476190476
Chr03	46	80	460	550	505.0	28.877007063889828	8848171.4875	8119243	9633005	0.8640151502754818	0.13598484972451813
Chr03	47	90	470	570	520.0	29.300490271581292	9264081.166666666	8261353	10835919	0.8680134669115395	0.13198653308846056
Chr03	48	80	480	570	525.0	29.463836123440615	9382334.675	8360358	10835919	0.8515151502754819	0.14848484972451814
Chr03	49	80	490	580	535.0	29.794892500231178	9687813.325	8650777	11000191	0.8640151502754818	0.13598484972451813
Chr03	50	70	500	580	540.0	29.913384489348182	9823752.4	8884551	11000191	0.8564935050767412	0.14350649492325881
Chr03	51	80	510	600	555.0	30.38035475314512	10253075.8125	9060430	11250929	0.8744318169421484	0.12556818305785145
Chr03	52	90	520	620	570.0	30.85207234509825	10684161.933333334	9294738	11914518	0.8846801335782061	0.11531986642179388
Chr03	53	90	530	630	580.0	31.16989480299096	10968091.422222223	9428178	11946036	0.8809764298745024	0.1190235701254976
Chr03	54	90	540	640	590.0	31.491199287712142	11246559.233333332	9638913	12033943	0.887037037037037	0.11296296296296297
Chr03	55	100	550	660	605.0	31.931219650890966	11567699.93	10736463	12326345	0.8866666666666667	0.11333333333333334
Chr03	56	120	560	690	625.0	32.40051620708681	11869340.733333332	10953222	12728278	0.9083333333333333	0.09166666666666666
Chr03	57	120	570	700	635.0	32.6442143325494	12028316.25	11000207	13112655	0.9083333333333333	0.09166666666666666
Chr03	58	120	580	710	645.0	32.91488555130385	12214104.208333334	11144369	13363694	0.8954545446280989	0.10454545537190098
Chr03	59	110	590	710	650.0	33.030018267285406	12305502.227272727	11251055	13363694	0.8904958668670171	0.10950413313298289
Chr03	60	100	600	710	655.0	33.15010388469145	12390199.48	11673625	13363694	0.8945454535537187	0.10545454644628117
Chr03	61	100	610	720	665.0	33.39554659425385	12544047.09	11914531	13375967	0.8945454535537187	0.10545454644628117
Chr03	62	110	620	740	680.0	33.73956170626996	12764904.454545455	11951615	13503225	0.9026170789882293	0.09738292101177079
Chr03	63	100	630	740	685.0	33.87699043592887	12844547.89	12072175	13503225	0.8978787868870521	0.10212121311294786
Chr03	64	90	640	740	690.0	34.01011592443035	12921687.788888888	12260329	13503225	0.886531985430058	0.11346801456994207
Chr03	65	130	650	790	720.0	34.58957522061288	13657904.046153845	12326376	16389162	0.9175990668361939	0.082400933163806
Chr03	66	120	660	790	725.0	34.70021090469624	13760270.933333334	12459870	16389162	0.9148989890725435	0.08510101092745652
Chr03	67	120	670	800	735.0	34.905538616649594	14120088.725	12570534	16877443	0.9093434335169879	0.09065656648301208
Chr03	68	120	680	810	745.0	35.08997270226194	14482734.65	12843392	17042778	0.9135101001836545	0.08648989981634543
Chr03	69	130	690	830	760.0	35.322162897262835	15196845.023076924	13120972	21077287	0.9188811181182454	0.08111888188175476
Chr03	70	140	700	850	775.0	35.565988287838515	16226853.942857143	13363733	21716051	0.9261904761904761	0.0738095238095238
Chr03	71	150	710	870	790.0	35.791488366563314	17221233.126666665	13375970	23241981	0.9277777777777777	0.0722222222222222
Chr03	72	140	720	870	795.0	35.867789667906685	17492568.714285713	13459221	23241981	0.9226190476190476	0.07738095238095234
Chr03	73	140	730	880	805.0	36.028751966450756	18204433.764285713	13506090	23545547	0.9273809523809524	0.0726190476190476
Chr03	74	130	740	880	810.0	36.11703860320641	18557839.207692306	14107592	23545547	0.9217948717948719	0.07820512820512818
Chr03	75	130	750	890	820.0	36.253605759592624	19262091.8	14590084	23580422	0.9141025641025641	0.08589743589743587
Chr03	76	120	760	890	825.0	36.32884626597613	19648859.9	14706891	23580422	0.913888888888889	0.0861111111111111
Chr03	77	110	770	890	830.0	36.40758875126846	20061012.563636363	15400626	23580422	0.9060606060606061	0.09393939393939395
Chr03	78	110	780	900	840.0	36.54774837898566	20807502.10909091	16389178	24209745	0.8982683982683982	0.10173160173160176
Chr03	79	100	790	900	845.0	36.62182563764762	21209494.72	16877489	24209745	0.8980952380952381	0.10190476190476191
Chr03	80	100	800	910	855.0	36.767732369387936	21986364.74	17046287	25138040	0.8964285714285714	0.10357142857142858
Chr03	81	100	810	920	865.0	36.92085070313246	22795281.23	17214665	25188306	0.8964285714285714	0.10357142857142856
Chr03	82	120	820	950	885.0	37.09856771671051	23699031.908333335	21077291	25704595	0.9081349206349206	0.09186507936507937
Chr03	83	120	830	960	895.0	37.17661111578847	24086958.775	21653496	25945007	0.916468253968254	0.08353174603174604
Chr03	84	130	840	980	910.0	37.27716306148009	24571871.146153845	21716069	26189345	0.9216117216117217	0.07838827838827839
Chr03	85	140	850	1000	925.0	37.369653936531336	25011478.90714286	21978037	26540989	0.9260204081632653	0.07397959183673468
Chr03	86	140	860	1010	935.0	37.4344496887886	25310818.507142857	23263705	26952259	0.9188775510204081	0.08112244897959184
Chr03	87	130	870	1010	940.0	37.46495730542167	25453517.8	23545550	26952259	0.9152014652014653	0.08479853479853479
Chr03	88	130	880	1020	950.0	37.524414926226115	25718609.861538462	23580829	27136502	0.9213553113553113	0.07864468864468864
Chr03	89	150	890	1050	970.0	37.62226650090417	26134165.526666667	24209766	27315661	0.9297777777777778	0.07022222222222224
Chr03	90	150	900	1060	980.0	37.664195870913176	26310689.273333333	25166835	27441229	0.9264444444444444	0.07355555555555555
Chr03	91	140	910	1060	985.0	37.68325302722475	26391330.985714287	25188437	27441229	0.9247619047619048	0.07523809523809524
Chr03	92	130	920	1060	990.0	37.70487755194688	26482732.26153846	25252260	27441229	0.918974358974359	0.08102564102564103
Chr03	93	120	930	1060	995.0	37.729195602549986	26585258.283333335	25252621	27441229	0.9149999999999999	0.08499999999999999
Chr03	94	130	940	1080	1010.0	37.80345177630403	26876039.13076923	25704655	28349201	0.9138461538461539	0.08615384615384615
Chr03	95	120	950	1080	1015.0	37.82426949717116	26959880.725	26033772	28349201	0.9108333333333333	0.08916666666666666
Chr03	96	110	960	1080	1020.0	37.845384567452115	27044055.436363637	26034154	28349201	0.9072727272727272	0.09272727272727273
Chr03	97	110	970	1090	1030.0	37.90377017247111	27265995.145454545	26189351	28570320	0.9072727272727272	0.09272727272727273
Chr03	98	100	980	1090	1035.0	37.93125244461148	27373651.8	26189542	28570320	0.898	0.102
Chr03	99	110	990	1110	1050.0	38.024188031689505	27714123.12727273	26725454	28784080	0.9027272727272727	0.09727272727272726
Chr03	100	150	1000	1160	1080.0	38.20910585029916	28327366.653333332	26952265	29786380	0.9253333333333335	0.07466666666666666
Chr03	101	140	1010	1160	1085.0	38.236043316632895	28421515.885714285	27136521	29786380	0.925	0.075
Chr03	102	140	1020	1170	1095.0	38.296977344425876	28610522.814285714	27210397	29955675	0.9178571428571428	0.08214285714285714
Chr03	103	130	1030	1170	1100.0	38.32824673680301	28716295.615384616	27274307	29955675	0.9115384615384615	0.08846153846153847
Chr03	104	120	1040	1170	1105.0	38.363304441146575	28834266.975	27315767	29955675	0.9125	0.0875
Chr03	105	130	1050	1190	1120.0	38.47303058068868	29124160.769230768	27441250	30108247	0.9153846153846154	0.08461538461538462
Chr03	106	130	1060	1200	1130.0	38.55420482279582	29322345.123076923	28231320	30316959	0.9192307692307692	0.08076923076923077
Chr03	107	140	1070	1220	1145.0	38.68005087614646	29546589.47857143	28349210	30385642	0.9214285714285714	0.07857142857142857
Chr03	108	130	1080	1220	1150.0	38.71405420532414	29627778.661538463	28671166	30385642	0.9192307692307692	0.08076923076923077
Chr03	109	120	1090	1220	1155.0	38.74794985287641	29702975.866666667	28751108	30385642	0.9125	0.0875
Chr03	110	140	1100	1250	1175.0	38.93104291683607	29948179.721428573	28784128	30747145	0.9057142857142857	0.09428571428571428
Chr03	111	130	1110	1250	1180.0	38.97321284944062	30023130.307692308	29099527	30747145	0.9023076923076923	0.09769230769230769
Chr03	112	120	1120	1250	1185.0	39.018260869777265	30097063.775	29433471	30747145	0.8941666666666667	0.10583333333333332
Chr03	113	110	1130	1250	1190.0	39.061400356643425	30155620.5	29501233	30747145	0.8845454545454545	0.11545454545454545
Chr03	114	100	1140	1250	1195.0	39.10785772092203	30214091.45	29777475	30747145	0.873	0.127
Chr03	115	90	1150	1250	1200.0	39.15212844882443	30261737.47777778	29786432	30747145	0.8811111111111111	0.11888888888888888
Chr03	116	90	1160	1260	1210.0	39.26446253417072	30367448.622222222	29955684	30774415	0.8885185185185185	0.11148148148148149
Chr03	117	110	1170	1290	1230.0	39.447186458735395	30527135.427272726	29961204	30837719	0.8936363636363637	0.10636363636363637
Chr03	118	100	1180	1290	1235.0	39.50261213609602	30576271.83	30165089	30837719	0.893	0.107
Chr03	119	90	1190	1290	1240.0	39.55278837537644	30617701.955555554	30316986	30837719	0.8866666666666667	0.11333333333333333
Chr03	120	90	1200	1300	1250.0	39.61727374866544	30671163.48888889	30385467	30844447	0.8811111111111111	0.11888888888888888
Chr03	121	90	1210	1310	1260.0	39.688085055559505	30735396.68888889	30411817	31137980	0.8737037037037036	0.1262962962962963
Chr03	122	80	1220	1310	1265.0	39.73443332281931	30773949.9875	30437111	31137980	0.8641666666666665	0.1358333333333334
Chr03	123	70	1230	1310	1270.0	39.78248838457469	30815042.2	30640922	31137980	0.8519047619047618	0.14809523809523814
Chr03	124	80	1240	1330	1285.0	39.87287491446313	30935129.8	30748297	31374962	0.8666666666666667	0.13333333333333336
Chr03	125	80	1250	1340	1295.0	39.92998755254389	31016396.9625	30774419	31412804	0.8520833333333334	0.14791666666666667
Chr03	126	70	1260	1340	1300.0	39.954860072405204	31050180.814285714	30828124	31412804	0.830952380952381	0.16904761904761903
Chr03	127	60	1270	1340	1305.0	39.980049960875405	31086469.95	30835231	31412804	0.8166666666666667	0.18333333333333332
Chr03	128	60	1280	1350	1315.0	40.04886870382474	31189943.05	30838615	31483955	0.8305555555555556	0.16944444444444445
Chr03	129	70	1290	1370	1330.0	40.144531560190785	31339063.042857144	30845648	31636056	0.8357142857142856	0.16428571428571428
Chr03	130	70	1300	1380	1340.0	40.20554167135264	31437819.87142857	31137992	31676150	0.8357142857142856	0.1642857142857143
Chr03	131	80	1310	1400	1355.0	40.31671204670448	31638106.3875	31218387	32241338	0.8625	0.1375
Chr03	132	80	1320	1410	1365.0	40.39562883632207	31763079.2875	31375121	32403434	0.85625	0.14375
Chr03	133	90	1330	1430	1380.0	40.58955952994754	31980678.833333332	31412815	32700960	0.8666666666666667	0.13333333333333333
Chr03	134	80	1340	1430	1385.0	40.63571350646106	32046071.95	31495894	32700960	0.8625	0.1375
Chr03	135	70	1350	1430	1390.0	40.69094289399222	32122912.77142857	31522779	32700960	0.85	0.15
Chr03	136	70	1360	1440	1400.0	40.910758944615665	32305008.714285713	31636068	33013673	0.8539682539682539	0.146031746031746
Chr03	137	80	1370	1460	1415.0	41.33925076473817	32572464.45	31947277	33078207	0.854452614379085	0.14554738562091502
Chr03	138	70	1380	1460	1420.0	41.45262624349609	32644223.914285716	32109566	33078207	0.8408029878618114	0.1591970121381886
Chr03	139	60	1390	1460	1425.0	41.596875346075095	32730082.466666665	32241345	33078207	0.8309368191721133	0.1690631808278867
Chr03	140	80	1400	1490	1445.0	42.02222597221217	32952504.375	32403451	33309668	0.8732026143790849	0.12679738562091503
Chr03	141	80	1410	1500	1455.0	42.196355220780575	33062950.3375	32538247	33479663	0.8419526143790849	0.15804738562091503
Chr03	142	70	1420	1500	1460.0	42.32414059657836	33124439.485714287	32702603	33479663	0.8479458450046685	0.15205415499533145
Chr03	143	80	1430	1520	1475.0	42.60180351489649	33263776.9625	33016063	33574609	0.8676470588235293	0.1323529411764706
Chr03	144	100	1440	1550	1495.0	42.84669034977352	33460244.41	33040857	34048586	0.895	0.105
Chr03	145	110	1450	1570	1510.0	43.02007397223062	33629900.74545454	33078253	34376992	0.9045454545454545	0.09545454545454546
Chr03	146	100	1460	1570	1515.0	43.07966541938545	33681992.14	33134114	34376992	0.895	0.105
Chr03	147	100	1470	1580	1525.0	43.300408506006285	33855999.65	33200038	35299556	0.8883333333333333	0.11166666666666666
Chr03	148	100	1480	1590	1535.0	43.56624503609791	34066625.56	33350901	35501978	0.893	0.107
Chr03	149	110	1490	1610	1550.0	43.96001105817455	34407988.72727273	33479781	35824579	0.8945454545454546	0.10545454545454543
Chr03	150	100	1500	1610	1555.0	44.04709106058808	34496596.7	33539921	35824579	0.889	0.11099999999999997
Chr03	151	100	1510	1620	1565.0	44.243718550722654	34725822.01	33574645	35869891	0.899	0.10099999999999998
Chr03	152	90	1520	1620	1570.0	44.338207936364185	34849425.01111111	33932260	35869891	0.8877777777777778	0.11222222222222224
Chr03	153	80	1530	1620	1575.0	44.469753785895406	34963679.9125	33935955	35869891	0.87375	0.12625000000000003
Chr03	154	80	1540	1630	1585.0	44.721078948071565	35207427.7625	34048595	35957248	0.8695833333333333	0.13041666666666668
Chr03	155	80	1550	1640	1595.0	44.98477574332113	35457850.5875	34165904	36336485	0.8487499999999999	0.15125000000000002
Chr03	156	70	1560	1640	1600.0	45.1549556431305	35621416.2	34377007	36336485	0.8485714285714285	0.15142857142857144
Chr03	157	70	1570	1650	1610.0	45.32164252643738	35830315.928571425	35299577	36438871	0.8319047619047619	0.16809523809523813
Chr03	158	60	1580	1650	1615.0	45.35602930528327	35905728.93333333	35502064	36438871	0.8211111111111111	0.1788888888888889
Chr03	159	70	1590	1670	1630.0	45.66448121210389	36207838.48571429	35558274	36947553	0.8371428571428571	0.16285714285714287
Chr03	160	80	1600	1690	1645.0	46.00967805553657	36487324.3625	35844977	37139781	0.8645833333333334	0.13541666666666669
Chr03	161	70	1610	1690	1650.0	46.11924354941269	36578100.5	35873158	37139781	0.8523809523809524	0.14761904761904762
Chr03	162	70	1620	1700	1660.0	46.40521360733044	36759054.25714286	36003120	37263934	0.8471428571428571	0.15285714285714286
Chr03	163	70	1630	1710	1670.0	46.77900444052937	36938427.81428572	36336535	37373234	0.8447619047619048	0.15523809523809526
Chr03	164	80	1640	1730	1685.0	47.31822550942242	37128065.8	36438914	37447302	0.8620833333333333	0.13791666666666672
Chr03	165	80	1650	1740	1695.0	47.64100808906112	37232488.325	36826623	37517755	0.8537499999999999	0.14625000000000005
Chr03	166	70	1660	1740	1700.0	47.81145031434658	37280273.91428571	36947576	37517755	0.8542857142857143	0.14571428571428574
Chr03	167	70	1670	1750	1710.0	48.139329139503	37355074.614285715	37075905	37685567	0.8322077907910269	0.1677922092089731
Chr03	168	60	1680	1750	1715.0	48.33884670111789	37396072.166666664	37139874	37685567	0.8236868670339759	0.17631313296602416
Chr03	169	60	1690	1760	1725.0	48.685161000840594	37485315.016666666	37263968	37854457	0.8020202003673091	0.19797979963269083
Chr03	170	60	1700	1770	1735.0	48.94975542688912	37588152.03333333	37373319	37989760	0.8325757559228647	0.1674242440771353
Chr03	171	60	1710	1780	1745.0	49.18312401661702	37715243.483333334	37406851	38214190	0.804797978145087	0.19520202185491306
Chr03	172	50	1720	1780	1750.0	49.31063065901691	37772979.54	37452624	38214190	0.7990909071074377	0.20090909289256234
Chr03	173	50	1730	1790	1760.0	49.529213429826385	37939038.2	37517772	38381874	0.7790909071074377	0.22090909289256236
Chr03	174	50	1740	1800	1770.0	49.72299720400935	38113073.88	37685586	38473910	0.79	0.21
Chr03	175	70	1750	1830	1790.0	49.89390308707118	38384987.72857143	37920422	38891459	0.85	0.15
Chr03	176	70	1760	1840	1800.0	49.96357920302789	38529764.75714286	38119381	39014911	0.8142857142857143	0.18571428571428572
Chr03	177	60	1770	1840	1805.0	49.990916533304265	38591203.55	38214191	39014911	0.825	0.175
Chr03	178	70	1780	1860	1820.0	50.104217552003554	38835849.91428571	38381883	39441300	0.8238095238095238	0.1761904761904762
Chr03	179	60	1790	1860	1825.0	50.133729517022836	38907645.55	38476071	39441300	0.8194444444444444	0.18055555555555552
Chr03	180	60	1800	1870	1835.0	50.22511589348654	39072169.65	38524309	39521674	0.8138888888888889	0.1861111111111111
Chr03	181	50	1810	1870	1840.0	50.271587093626614	39169786.3	38605662	39521674	0.7966666666666667	0.2033333333333333
Chr03	182	50	1820	1880	1850.0	50.39386281865518	39325456.68	38904213	39634230	0.7999999999999999	0.20000000000000007
Chr03	183	60	1830	1900	1865.0	50.57653571727201	39518625.483333334	39037436	39744384	0.8166666666666667	0.18333333333333338
Chr03	184	60	1840	1910	1875.0	50.76738469572605	39620532.75	39305638	39932480	0.8166666666666667	0.18333333333333335
Chr03	185	70	1850	1930	1890.0	51.864763777562565	39787020.77142857	39441320	40318494	0.8380952380952381	0.1619047619047619
Chr03	186	70	1860	1940	1900.0	52.707699883442196	39924425.571428575	39521783	40430399	0.7967532396694201	0.20324676033057978
Chr03	187	60	1870	1940	1905.0	53.04703212974714	39983145.46666667	39634362	40430399	0.7767676685032124	0.2232323314967875
Chr03	188	50	1880	1940	1910.0	53.496349678679096	40037299.94	39735736	40430399	0.7787878688705216	0.22121213112947835
Chr03	189	50	1890	1950	1920.0	54.78606701497974	40219101.36	39744385	40870928	0.7621212022038549	0.237878797796145
Chr03	190	50	1900	1960	1930.0	56.14640762158991	40446266.68	39940947	41091939	0.7787878688705216	0.22121213112947838
Chr03	191	40	1910	1960	1935.0	56.85840739186786	40560427.975	40085466	41091939	0.735984836088152	0.26401516391184804
Chr03	192	60	1920	1990	1955.0	58.86781500819945	41260925.55	40429876	42700553	0.7962121129476569	0.2037878870523431
Chr03	193	60	1930	2000	1965.0	60.00792704775835	41683966.15	40458302	43277171	0.8240740740740741	0.17592592592592593
Chr03	194	60	1940	2010	1975.0	61.261138995520206	42139922.516666666	40898719	43478205	0.8324074074074074	0.1675925925925926
Chr03	195	60	1950	2020	1985.0	62.41629079769075	42564950.45	41091989	43689489	0.8074074074074074	0.1925925925925926
Chr03	196	50	1960	2020	1990.0	63.17377084321959	42847677.06	41820541	43689489	0.7888888888888889	0.2111111111111111
Chr03	197	40	1970	2020	1995.0	63.73715836960353	43081322.225	42102014	43689489	0.7486111111111111	0.2513888888888889
Chr03	198	50	1980	2040	2010.0	66.86595453691288	44362857.9	42700572	50443497	0.7870707031037643	0.2129292968962358
Chr03	199	60	1990	2060	2025.0	75.04007165336586	47033759.233333334	43361818	52824279	0.8112554046438397	0.1887445953561602
Chr03	200	60	2000	2070	2035.0	80.22826697024576	48626618.4	43478221	53065302	0.8299422716778155	0.17005772832218435
Chr03	201	50	2010	2070	2040.0	83.24687928233787	49648161.5	43719549	53065302	0.8559307260133788	0.14406927398662125
Chr04	0	30	0	40	20.0	2.1283925171000644	386811.7	22568	1588953	0.6345410809493772	0.3654589190506227
Chr04	1	40	10	60	35.0	5.442253667009565	1260930.5	271430	2143699	0.6670382920200965	0.3329617079799036
Chr04	2	30	20	60	40.0	6.348912218577528	1528741.6666666667	527486	2143699	0.6449275550051029	0.35507244499489704
Chr04	3	30	30	70	50.0	8.705265871641453	2068749.8	1588954	2589701	0.6334333021315396	0.36656669786846036
Chr04	4	50	40	100	70.0	14.227067360365972	2776429.04	1920637	3753498	0.7490530282369142	0.2509469717630858
Chr04	5	50	50	110	80.0	16.750232394948817	3168712.7	2144056	4069963	0.7625231850227683	0.23747681497723164
Chr04	6	50	60	120	90.0	19.56179232970176	3600434.8	2650327	4571488	0.7615955392140312	0.23840446078596875
Chr04	7	40	70	120	95.0	20.74873578218051	3807069.775	3197591	4571488	0.7389277287560906	0.2610722712439094
Chr04	8	40	80	130	105.0	23.22507038802831	4283660.725	3252555	5395370	0.7151515027548186	0.2848484972451813
Chr04	9	70	90	170	130.0	27.73627633483698	5485496.871428572	3957251	8044129	0.8566529876182393	0.14334701238176067
Chr04	10	100	100	210	155.0	33.00780618357049	12663926.38	4069964	42467858	0.8902910727788985	0.10970892722110148
Chr04	11	140	110	260	185.0	39.392634151094114	24210371.97857143	4574867	43709795	0.927913537541795	0.07208646245820498
Chr04	12	150	120	280	200.0	41.54670513721632	28101435.793333333	5395401	43901280	0.9285778882254184	0.07142211177458165
Chr04	13	150	130	290	210.0	43.22022623805302	30700990.2	5757711	45436184	0.9331499250375591	0.06685007496244096
Chr04	14	140	140	290	215.0	44.18570495447834	32482635.47857143	5796991	45436184	0.928374919683099	0.07162508031690103
Chr04	15	130	150	290	220.0	45.28708631981453	34532192.49230769	6024916	45436184	0.9228652981202605	0.07713470187973956
Chr04	16	130	160	300	230.0	47.595398228707985	37454389.2	8044213	45774682	0.9056772207530541	0.09432277924694595
Chr04	17	120	170	300	235.0	48.84559458485324	39838450.05	11405248	45774682	0.9023624445210429	0.09763755547895712
Chr04	18	110	180	300	240.0	49.932863194100804	42066508.79090909	21510525	45774682	0.8980317576593195	0.10196824234068053
Chr04	19	100	190	300	245.0	50.90906589045612	43689481.12	41773774	45774682	0.903052323822227	0.096947676177773
Chr05	0	170	0	180	90.0	8.6446653636223	1352672.4176470588	33982	3095834	0.9387003010484792	0.06129969895152081
Chr05	1	160	10	180	95.0	9.183972856651668	1432289.73125	105966	3095834	0.9369414101290964	0.06305858987090367
Chr05	2	170	20	200	110.0	11.20051666261059	1732663.8294117646	120710	3558467	0.9404037252420011	0.05959627475799882
Chr05	3	180	30	220	125.0	13.110464319868571	2044381.6944444445	214246	3956354	0.9437331260664703	0.05626687393352964
Chr05	4	170	40	220	130.0	13.783263417025436	2142660.788235294	457168	3956354	0.9404037252420011	0.05959627475799884
Chr05	5	190	50	250	150.0	16.0009718952539	2555550.305263158	542792	4532217	0.9405373698372039	0.05946263016279615
Chr05	6	180	60	250	155.0	16.672616855898983	2660913.15	781359	4532217	0.9372154351912376	0.06278456480876242
Chr05	7	170	70	250	160.0	17.326792614958748	2764338.288235294	916813	4532217	0.933500372184802	0.06649962781519805
Chr05	8	160	80	250	165.0	18.047851564436325	2876387.3625	1034693	4532217	0.9339264347868637	0.06607356521313626
Chr05	9	150	90	250	170.0	18.834941910077706	2992613.84	1290022	4532217	0.9317437526615436	0.06825624733845645
Chr05	10	180	100	290	195.0	21.747936690896708	4365622.555555556	1728096	31472617	0.9431197938846196	0.05688020611538036
Chr05	11	170	110	290	200.0	22.351457439620837	4519189.135294118	1966601	31472617	0.9397738994072443	0.060226100592755676
Chr05	12	180	120	310	215.0	26.042103336076902	8263574.205555555	2037081	39317340	0.9369384142793209	0.06306158572067923
Chr05	13	170	130	310	220.0	26.70992801987946	8627679.54117647	2158331	39317340	0.9371504778643789	0.06284952213562113
Chr05	14	170	140	320	230.0	29.760199592391217	10830423.052941177	2299732	40601500	0.9212624929604559	0.07873750703954407
Chr05	15	160	150	320	235.0	30.557334838094057	11345081.2125	2939469	40601500	0.9215497321038176	0.07845026789618226
Chr05	16	150	160	320	240.0	31.292878214699666	11903130.653333334	3018453	40601500	0.9163197142440722	0.08368028575592773
Chr05	17	140	170	320	245.0	32.0924664532773	12535376.42857143	3176047	40601500	0.9222473128805536	0.07775268711944644
Chr05	18	130	180	320	250.0	32.91396539234786	13251815.36923077	3327333	40601500	0.9243082957531201	0.07569170424687986
Chr06	0	130	0	140	70.0	2.5956745277674598	7386328.084615384	153942	15469194	0.9215928522336639	0.07840714776633596
Chr06	1	130	10	150	80.0	4.054543518097323	8757971.376923077	495120	18671571	0.8972638457762419	0.10273615422375812
Chr06	2	120	20	150	85.0	4.375236932354906	9378761.725	2042547	18671571	0.8942580551464843	0.10574194485351573
Chr06	3	110	30	150	90.0	4.743367920570256	10022488.681818182	2584371	18671571	0.884645151068892	0.11535484893110808
Chr06	4	100	40	150	95.0	5.177411603805203	10720017.91	3878242	18671571	0.8731096661757811	0.1268903338242189
Chr06	5	90	50	150	100.0	5.673439683801458	11461696.733333332	4211423	18671571	0.8590107401953123	0.1409892598046877
Chr06	6	80	60	150	105.0	6.255517852036897	12310545.0625	5152360	18671571	0.8413870827197264	0.15861291728027363
Chr06	7	70	70	150	110.0	6.970114536244731	13169369.085714286	8565150	18671571	0.8187280945368303	0.1812719054631698
Chr06	8	60	80	150	115.0	7.797381759785752	13884503.083333334	9270721	18671571	0.7977753695522278	0.2022246304477721
Chr06	9	50	90	150	120.0	8.781865415894694	14617583.52	12141062	18671571	0.7684415545737846	0.23155844542621537
Chr06	10	40	100	150	125.0	9.770726083014925	15195370.325	12444735	18671571	0.7408549759996004	0.2591450240003997
Chr06	11	40	110	160	135.0	13.930911860711898	16606921.05	13990514	19235187	0.6704004131896799	0.3295995868103201
Chr06	12	30	120	160	140.0	16.4717263554546	17399792.2	14570304	19235187	0.5883116620306842	0.41168833796931587
Chr06	13	30	130	170	150.0	22.270475532839846	19113371.533333335	17577237	21002402	0.6043060493261218	0.39569395067387814
Chr06	14	30	140	180	160.0	25.728483309210926	20191069.9	18671634	21794400	0.6314489024689799	0.3685510975310201
Chr06	15	30	150	190	170.0	29.129470961026296	21485919.3	19335038	23593428	0.6375095092527256	0.36249049074727435
Chr06	16	30	160	200	180.0	32.24720752519224	22752966.7	21002447	24148515	0.5651082221207738	0.43489177787922617
Chr06	17	30	170	210	190.0	35.58534516088269	23997792.766666666	21907070	26029315	0.562262393260332	0.43773760673966794
Chr06	18	30	180	220	200.0	40.41998527316414	25521204.3	23593680	28613666	0.5883389552257765	0.41166104477422355
Chr06	19	130	190	330	260.0	56.45674265338609	29337807.646153845	24317422	30268552	0.9212822152900763	0.0787177847099238
Chr06	20	240	200	450	325.0	60.95886548732483	30274883.75	26355901	31182345	0.9663275387298247	0.03367246127017533
Chr07	0	20	0	30	15.0	3.1325575888684396	352486.55	19650	594215	0.18601009109274386	0.8139899089072561
Chr07	1	20	10	40	25.0	5.880532868685976	583605.35	369453	643945	0.11489897998163272	0.8851010200183673
Chr07	2	20	20	50	35.0	7.605800149659335	717161.45	594227	840094	0.04722222222222222	0.9527777777777778
Chr07	3	20	30	60	45.0	9.41145548318256	911184.2	771536	1155061	0.04642857142857144	0.9535714285714286
Chr07	4	20	40	70	55.0	11.305081156284995	1121257.65	840494	1340866	0.021428571428571432	0.9785714285714286
Chr07	5	20	50	80	65.0	13.011472519194438	1305060.0	1155968	1415181	0.0	1.0
Chr07	6	20	60	90	75.0	14.732199233687245	1536184.15	1370702	1894150	0.0200000059999988	0.9799999940000012
Chr07	7	20	70	100	85.0	17.56685396162318	2008044.85	1415363	2569275	0.0200000059999988	0.9799999940000012
Chr07	8	20	80	110	95.0	20.563627191300732	2521220.6	1894180	2893074	0.0	1.0
Chr07	9	20	90	120	105.0	22.95978152496407	3058763.0	2586090	3524876	0.33932645805199496	0.6606735419480051
Chr07	10	40	100	150	125.0	30.428844460716373	5406904.825	2893236	9149472	0.7255099209242875	0.2744900790757126
Chr07	11	40	110	160	135.0	35.11785193087967	8181897.15	3524890	21053910	0.7458829305876398	0.25411706941236034
Chr07	12	50	120	180	150.0	43.52838840670413	15391297.68	5772533	28383238	0.7920751767250898	0.20792482327491035
Chr07	13	50	130	190	160.0	48.44304550715134	19886458.82	6790240	30170545	0.7826410238192234	0.21735897618077665
Chr07	14	50	140	200	170.0	54.38132225492823	24864270.62	9149573	34260364	0.765771462231321	0.23422853776867897
Chr07	15	50	150	210	180.0	59.84288749865058	28854530.74	21089660	34822098	0.7537424712798412	0.24625752872015888
Chr07	16	40	160	210	185.0	62.908531483720466	30732971.275	21524331	34822098	0.7313085170771184	0.2686914829228817
Chr07	17	70	170	250	210.0	78.15506578539241	35952206.77142857	28396386	40016245	0.8593638269326694	0.1406361730673305
Chr08	0	60	0	70	35.0	3.7498952027633776	880332.7	59568	2007789	0.8125669722952145	0.1874330277047855
Chr08	1	90	10	110	60.0	8.046442987190936	1621477.1222222222	240193	3304852	0.8836411394248799	0.11635886057512014
Chr08	2	90	20	120	70.0	9.94111493331916	1973816.8777777778	511601	3810020	0.8836400958817803	0.11635990411821973
Chr08	3	110	30	150	90.0	16.60795716443016	3924992.1272727274	804441	11941618	0.8828728586884038	0.11712714131159613
Chr08	4	100	40	150	95.0	17.799847944259312	4212432.81	1350500	11941618	0.8928268112239109	0.10717318877608907
Chr08	5	100	50	160	105.0	20.86997652097472	5383119.27	1558351	14663401	0.8711601445572442	0.12883985544275575
Chr08	6	90	60	160	110.0	22.172910840937828	5791260.866666666	2015847	14663401	0.8753631235821233	0.12463687641787674
Chr08	7	80	70	160	115.0	23.560180498323668	6262907.4125	2036931	14663401	0.8597835140298887	0.14021648597011133
Chr08	8	70	80	160	120.0	25.319127508261065	6861288.371428572	2106441	14663401	0.8397525874627298	0.1602474125372701
Chr08	9	60	90	160	125.0	27.64597720421823	7652524.0	3226086	14663401	0.8130446853731849	0.1869553146268151
Chr08	10	50	100	160	130.0	29.92308771765554	8533784.66	3304878	14663401	0.7961799382372955	0.20382006176270448
Chr08	11	50	110	170	140.0	35.242045284130384	12105191.0	6805145	27190524	0.7728484832815415	0.2271515167184585
Chr08	12	40	120	170	145.0	36.65180514744701	13255992.425	7788182	27190524	0.7310606011019275	0.2689393988980725
Chr08	13	40	130	180	155.0	40.67376020998862	19484820.025	9074562	35342587	0.6977272677685942	0.3022727322314059
Chr08	14	40	140	190	165.0	44.44785280062224	28355722.85	12046226	47478155	0.7209415534828798	0.27905844651712014
Chr08	15	50	150	210	180.0	48.554026498334736	39771719.0	16102250	50575260	0.7967532427863039	0.20324675721369612
Chr08	16	60	160	230	195.0	51.07148990315205	46930933.31666667	29376980	52844776	0.8238095238095239	0.17619047619047618
Chr08	17	60	170	240	205.0	52.69221858644227	50268345.516666666	44009528	53292309	0.7631601218357326	0.23683987816426746
Chr08	18	50	180	240	210.0	53.32787043118125	51172567.28	47478156	53292309	0.7672207176314505	0.23277928236854956
Chr08	19	50	190	250	220.0	54.76951626756451	52151078.5	49713376	53399855	0.6167859368374994	0.3832140631625007
Chr08	20	40	200	250	225.0	55.56611185703889	52662890.525	50575640	53399855	0.5334824210468743	0.46651757895312584
Chr08	21	30	210	250	230.0	56.49066305603774	53090537.93333333	52340752	53399855	0.3779765613958322	0.6220234386041679
Chr08	22	20	220	250	235.0	57.35130937524997	53289596.75	53018219	53399855	0.21696484209374822	0.7830351579062518
Chr08	23	20	230	260	245.0	58.13789899867269	53453829.3	53292348	54004866	0.12391304801512208	0.8760869519848778
Chr08	24	50	240	300	270.0	61.27126114532898	54871691.82	53445516	56064868	0.67	0.33
Chr08	25	50	250	310	280.0	62.498794841921836	55388336.8	54107075	56137334	0.673469387755102	0.32653061224489793
Chr08	26	40	260	310	285.0	63.1657325592534	55650512.75	54784574	56137334	0.5897435897435898	0.41025641025641024
Chr08	27	30	270	310	290.0	63.71400024203276	55835581.4	55280232	56137334	0.4482758620689655	0.5517241379310345
Chr08	28	20	280	310	295.0	64.38403998988692	56055036.4	55851685	56137334	0.15789473684210525	0.8421052631578947
Chr08	29	20	290	320	305.0	64.71033834571423	56159832.3	56064869	56223563	0.07894736842105263	0.9210526315789473
Chr08	30	20	300	330	315.0	65.06495388549997	56283949.25	56162235	56471963	0.0	1.0
Chr08	31	20	310	340	325.0	65.52688732855191	56460765.85	56223572	56845567	0.0	1.0
Chr08	32	20	320	350	335.0	66.22811650269684	56759075.4	56471969	57127424	0.0	1.0
Chr08	33	20	330	360	345.0	66.91171339158964	57060569.8	56916274	57217112	0.0200000059999988	0.9799999940000012
Chr08	34	20	340	370	355.0	67.35458255968905	57251163.1	57127430	57436699	0.12833333933333213	0.8716666606666678
Chr08	35	20	350	380	365.0	67.820736729576	57435343.45	57217221	57557651	0.10833333333333332	0.8916666666666666
Chr08	36	20	360	390	375.0	68.26461049052065	57596401.0	57436763	57724881	0.0	1.0
Chr08	37	20	370	400	385.0	68.64645194727466	57736479.25	57602850	58128801	0.023913048015122083	0.9760869519848778
Chr08	38	20	380	410	395.0	69.31845659548844	58032728.8	57724882	58336740	0.0766590484528886	0.9233409515471113
Chr08	39	20	390	420	405.0	70.07161037626064	58308793.15	58128831	58393687	0.12804243766706971	0.8719575623329303
Chr08	40	20	400	430	415.0	70.54830935248842	58397927.75	58337267	58517436	0.10545453553718827	0.8945454644628118
Chr08	41	20	410	440	425.0	70.83717029649543	58507218.8	58417930	58599926	0.03272726776859414	0.9672727322314059
Chr08	42	20	420	450	435.0	71.04833488690731	58665382.25	58537412	58758477	0.05536568939467356	0.9446343106053264
Chr08	43	20	430	460	445.0	71.59854928822469	58844454.65	58743723	59001982	0.16016391958853576	0.8398360804114642
Chr08	44	20	440	470	455.0	72.205595165447	58994686.3	58758567	59126161	0.2021570175900749	0.797842982409925
Chr08	45	20	450	480	465.0	72.61879113000643	59220476.25	59001984	59745473	0.26065163190986357	0.7393483680901364
Chr08	46	20	460	490	475.0	74.0405152946377	59686684.05	59126167	60307984	0.28538126630561356	0.7146187336943864
Chr08	47	20	470	500	485.0	77.00709691799987	60164040.1	59765102	60448252	0.13409921644368067	0.8659007835563193
Chr08	48	20	480	510	495.0	79.15008252622906	60407868.85	60308078	60472419	0.01686909282674132	0.9831309071732587
Chr08	49	20	490	520	505.0	80.38497374715313	60613825.65	60450991	60845231	0.06347663972242795	0.936523360277572
Chr08	50	20	500	530	515.0	82.26906001883822	60900290.5	60587880	61135855	0.11081639646953495	0.8891836035304651
Chr08	51	20	510	540	525.0	83.88083334220451	61105220.75	60905216	61186606	0.06032608665524182	0.9396739133447582
Chr08	52	20	520	550	535.0	84.83089300684732	61204993.35	61135887	61264384	0.06886253800593845	0.9311374619940616
Chr08	53	20	530	560	545.0	85.45209202420786	61287017.55	61186659	61339306	0.06886253800593845	0.9311374619940616
Chr08	54	20	540	570	555.0	85.83693410536986	61356774.15	61264435	61408924	0.04782609603024417	0.9521739039697558
Chr08	55	20	550	580	565.0	86.24434392878007	61413908.35	61360943	61470424	0.07282609603024418	0.9271739039697557
Chr08	56	20	560	590	575.0	86.93219854564583	61489900.45	61408930	61589768	0.025	0.975
Chr08	57	20	570	600	585.0	87.74871324882665	61632745.45	61525562	61795959	0.0	1.0
Chr08	58	20	580	610	595.0	88.32547968455432	61782465.65	61589774	61858793	0.022222222222222223	0.9777777777777779
Chr08	59	20	590	620	605.0	88.70103203643353	61860425.6	61795972	61896152	0.14227054047468862	0.8577294595253114
Chr08	60	20	600	630	615.0	89.25106310040238	61938324.7	61858946	62042707	0.1976053431703967	0.8023946568296033
Chr08	61	20	610	640	625.0	89.88486289441175	62028863.45	61896176	62081989	0.14927047158453022	0.8507295284154698
Chr08	62	20	620	650	635.0	90.3484211729834	62095769.85	62042713	62142344	0.07843137254901962	0.9215686274509803
Chr08	63	20	630	660	645.0	91.23744572047177	62219449.75	62082020	62490593	0.058823529411764705	0.9411764705882353
Chr08	64	20	640	670	655.0	92.92707064077412	62451824.55	62142348	62716978	0.18149145861957897	0.8185085413804211
Chr08	65	20	650	680	665.0	94.86961747810801	62691286.85	62490624	62807648	0.2502243624022588	0.7497756375977411
Chr08	66	20	660	690	675.0	96.24755380000163	62830338.1	62727764	62906969	0.13780747671365887	0.8621925232863411
Chr08	67	10	670	690	680.0	96.65022905533392	62866031.8	62807682	62906969	0.02	0.9800000000000001
Chr09	0	110	0	120	60.0	27.356052418295945	27055678.063636363	8417164	34642742	0.8990028037426359	0.10099719625736421
Chr09	1	120	10	140	75.0	31.638129889106533	29863946.475	10194019	35318789	0.8992323019679922	0.10076769803200787
Chr09	2	110	20	140	80.0	33.066429967007714	31022878.972727273	21556210	35318789	0.9041032210504925	0.09589677894950753
Chr09	3	110	30	150	90.0	34.70535052868039	32082357.490909092	28714424	35616307	0.90351033814965	0.09648966185035002
Chr09	4	100	40	150	95.0	35.27274210224283	32399553.34	29122591	35616307	0.893861371964615	0.10613862803538503
Chr09	5	90	50	150	100.0	35.90159062489251	32749496.0	29670117	35616307	0.88762374662735	0.11237625337265
Chr09	6	80	60	150	105.0	36.53597870654951	33091122.8125	30152494	35616307	0.8735767149557688	0.12642328504423123
Chr09	7	80	70	160	115.0	38.22045589359182	33761622.6625	30606450	35990132	0.8512642087240149	0.14873579127598513
Chr09	8	70	80	160	120.0	39.09877315200557	34142232.22857143	31420336	35990132	0.8374696533945536	0.1625303466054464
Chr09	9	60	90	160	125.0	40.11771966745308	34578594.5	31860091	35990132	0.8190769129552719	0.18092308704472818
Chr09	10	50	100	160	130.0	41.31481206013086	35008663.38	33137661	35990132	0.7828922955463261	0.21710770445367383
Chr09	11	50	110	170	140.0	42.96457812605117	35400111.06	34653706	36035438	0.7363140833768761	0.26368591662312396
Chr09	12	40	120	170	145.0	43.66189105823889	35574815.25	34742076	36035438	0.7101159223216759	0.2898840776783241
Chr09	13	40	130	180	155.0	44.74739152708437	35813710.9	35318805	36051867	0.7128190309640369	0.2871809690359631
Chr09	14	50	140	200	170.0	46.666684340062446	36114778.82	35616441	36547191	0.7897413813679584	0.2102586186320417
Chr09	15	100	150	260	205.0	50.58783113532423	36584711.23	35990288	36941056	0.8706566969839722	0.1293433030160279
Chr09	16	170	160	340	250.0	53.820268891217175	37019940.11176471	36035453	38003385	0.9361435740742002	0.06385642592579978
Chr09	17	200	170	380	275.0	55.53423260342724	37289407.705	36051915	38234646	0.9470580063846985	0.052941993615301434
Chr09	18	190	180	380	280.0	55.97326821393213	37345083.405263156	36357228	38234646	0.9471423995871991	0.05285760041280089
Chr09	19	180	190	380	285.0	56.31996221694547	37393013.405555554	36547667	38234646	0.9472361698121997	0.05276383018780028
Chr10	0	40	0	50	25.0	0.7864240442330508	1192620.425	449723	2346300	0.7458333333333333	0.25416666666666665
Chr10	1	40	10	60	35.0	1.2510539879995783	1726532.45	818652	2921040	0.7458333333333333	0.2541666666666666
Chr10	2	50	20	80	50.0	1.8822214793125858	2420212.78	1064198	3435437	0.7846666690666662	0.21533333093333387
Chr10	3	60	30	100	65.0	2.4911196844729853	3121663.1166666667	1539678	4537299	0.7856349226349202	0.21436507736507976
Chr10	4	50	40	100	70.0	2.677587921593538	3344995.38	2389221	4537299	0.789428573828571	0.21057142617142904
Chr10	5	50	50	110	80.0	3.110213009696829	3733929.7	2921079	4664220	0.769428573828571	0.2305714261714291
Chr10	6	40	60	110	85.0	3.315216408028333	3925941.25	2997418	4664220	0.7476190476190475	0.25238095238095243
Chr10	7	40	70	120	95.0	4.119280114659726	4330088.325	3472777	5039267	0.7184523809523811	0.28154761904761905
Chr10	8	40	80	130	105.0	5.266598023972688	4672177.95	3834525	5317316	0.7328463153876418	0.2671536846123582
Chr10	9	40	90	140	115.0	6.474371727337349	4980477.225	4537365	5344293	0.7477272677685942	0.25227273223140584
Chr10	10	40	100	150	125.0	7.580473378872497	5279943.275	4664224	5915683	0.7393939344352607	0.2606060655647392
Chr10	11	60	110	180	145.0	9.483938039634024	5865148.7	5039277	6811050	0.820707067401285	0.179292932598715
Chr10	12	60	120	190	155.0	10.181458364930087	6217595.85	5317350	7594326	0.8166666666666667	0.18333333333333332
Chr10	13	70	130	210	170.0	11.108697927884618	6921216.485714286	5716684	9010885	0.8333333333333333	0.16666666666666666
Chr10	14	70	140	220	180.0	12.010279651875237	7425226.157142857	5915801	9403267	0.8380952380952381	0.16190476190476188
Chr10	15	60	150	220	185.0	12.294258706900225	7660403.116666666	6056309	9403267	0.825	0.175
Chr10	16	60	160	230	195.0	12.989631766727195	8243819.716666667	6400387	10089037	0.8066666686666663	0.19333333133333372
Chr10	17	60	170	240	205.0	13.653053892888506	8932204.466666667	6882109	10709295	0.8177777797777774	0.18222222022222265
Chr10	18	60	180	250	215.0	14.259910735522281	9699289.3	7594434	14516856	0.8261111131111107	0.1738888868888893
Chr10	19	70	190	270	230.0	15.309324787927189	12711970.057142857	8111799	23583956	0.8342857159999996	0.16571428400000032
Chr10	20	70	200	280	240.0	15.906687354464534	14856275.128571428	9190259	24039479	0.8342857159999996	0.16571428400000032
Chr10	21	70	210	290	250.0	16.240836197335895	16968497.37142857	9403270	24196456	0.8271428588571424	0.17285714114285747
Chr10	22	70	220	300	260.0	16.5773130338264	19089724.64285714	10709110	26247680	0.8142857142857143	0.18571428571428572
Chr10	23	60	230	300	265.0	16.800192622287796	20486479.633333333	10709296	26247680	0.8	0.2
Chr10	24	60	240	310	275.0	17.256306095769894	23251952.083333332	15949413	30949606	0.8083333333333333	0.19166666666666668
Chr10	25	50	250	310	280.0	17.40387202155714	24499396.0	19856866	30949606	0.78	0.22
Chr10	26	50	260	320	290.0	17.958539444009006	26724478.94	23583985	33494832	0.78	0.22
Chr10	27	60	270	340	305.0	18.91233668356295	29634276.083333332	24039508	34339376	0.8166666666666667	0.18333333333333332
Chr10	28	60	280	350	315.0	19.44742560819659	31339349.4	24196473	34393569	0.825	0.175
Chr10	29	70	290	370	330.0	20.072169658440295	33266477.514285713	26247715	35203464	0.8214285714285714	0.17857142857142858
Chr10	30	60	300	370	335.0	20.372761387680026	34070139.43333333	30950312	35203464	0.8166666666666667	0.18333333333333332
Chr10	31	60	310	380	345.0	20.570346762756326	34532539.81666667	33603489	35701283	0.8194444444444444	0.18055555555555555
Chr10	32	60	320	390	355.0	20.670705731006013	34880690.3	33869042	36047304	0.7805555555555554	0.21944444444444447
Chr10	33	50	330	390	360.0	20.71483099848037	35029105.38	34339388	36047304	0.7566666666666667	0.24333333333333332
Chr10	34	40	340	390	365.0	20.775434200782826	35193634.075	34393586	36047304	0.7458333333333333	0.25416666666666665
Chr10	35	60	350	420	385.0	21.024496313434092	35910616.4	34397655	36455641	0.8222222222222222	0.17777777777777778
Chr10	36	60	360	430	395.0	21.671840140144575	36552483.6	35335854	39979197	0.8214646448117535	0.1785353551882464
Chr10	37	60	370	440	405.0	22.894867220731324	37372875.166666664	35701309	40602407	0.7985842369880899	0.20141576301191005
Chr10	38	60	380	450	415.0	24.87767275841643	38252754.233333334	36053342	42429609	0.8188856506520302	0.18111434934796977
Chr10	39	60	390	460	425.0	30.087065136126387	39467553.45	36375911	44077756	0.8118149402755374	0.1881850597244626
Chr10	40	50	400	460	430.0	31.86506443018373	40077054.5	36448365	44077756	0.7941779283306448	0.2058220716693551
Chr10	41	60	410	480	445.0	42.11981264526585	42033417.45	36455676	44182613	0.8395927180533151	0.16040728194668483
Chr11	0	30	0	40	20.0	14.600504737829857	1730848.9	297556	2290483	0.6504134241916513	0.34958657580834873
Chr11	1	30	10	50	30.0	18.86210459148055	2155587.8333333335	1851386	2292009	0.6532771700396003	0.3467228299603997
Chr11	2	40	20	70	45.0	21.548072349785755	2461364.725	2151861	3128988	0.6591129609028331	0.34088703909716683
Chr11	3	40	30	80	55.0	23.968170960410042	2710870.9	2290503	3294853	0.7061503146128573	0.29384968538714273
Chr11	4	40	40	90	65.0	26.28975296091553	3004935.3	2322994	3568572	0.7319876327076806	0.2680123672923194
Chr11	5	50	50	110	80.0	29.52298107230217	3451721.26	2714805	4162984	0.7884491274008666	0.2115508725991334
Chr11	6	110	60	180	120.0	34.29271867627201	4184376.0727272728	3129575	4775118	0.9085599565927069	0.09144004340729306
Chr11	7	160	70	240	155.0	37.992374422522246	4678102.8625	3294866	5776593	0.9364970128644602	0.06350298713553972
Chr11	8	170	80	260	170.0	39.264665028703156	4894495.229411765	3590720	6161574	0.9402625048573457	0.05973749514265424
Chr11	9	240	90	340	215.0	41.960261615065775	5903518.691666666	3833232	10076768	0.9565790945754249	0.043420905424575065
Chr11	10	250	100	360	230.0	43.10185330647301	7974976.776	4163325	44467528	0.9606960357139871	0.03930396428601288
