,HI_M3-Ambiente,PHI_M3-Ambiente,PSN_M3-Ambiente,SW_M3-Ambiente,SWP_M3-Ambiente,StWP_M3-Ambiente,VPP_M3-Ambiente,YdHa_M3-Ambiente,YdPl_M3-Ambiente,HI_INV-M3-1,PHI_INV-M3-1,PSN_INV-M3-1,SW_INV-M3-1,SWP_INV-M3-1,StWP_INV-M3-1,VPP_INV-M3-1,YdHa_INV-M3-1,YdPl_INV-M3-1,HI_INV-M3-2,PHI_INV-M3-2,PSN_INV-M3-2,SW_INV-M3-2,SWP_INV-M3-2,StWP_INV-M3-2,VPP_INV-M3-2,YdHa_INV-M3-2,YdPl_INV-M3-2,PHI_Caribia,YdHa_Caribia,YdPl_Caribia,PHI_Espinal,SW_Espinal,YdHa_Espinal,YdPl_Espinal
AMADEUS,64.058,73.167,3.749,0.208,0.734,1.81,-2.2,776.864,4.954,62.464,79.638,3.978,0.23,0.918,4.119,0.36,1132.797,7.831,55.791,75.478,3.115,0.209,0.698,8.594,3.333,687.325,3.752,59.919,15.229,0.856,NA,NA,NA,NA
DOR_390,63.474,75.756,3.829,0.2,0.78,10.625,0.004,1470.325,11.009,52.065,77.176,4.529,0.237,1.055,34.044,6.25,2001.512,12.486,44.84,71.179,2.909,0.214,0.695,37.267,2.183,1631.365,9.27,71.342,155.172,2.104,NA,NA,NA,NA
GCDT_001,58.135,71.47,3.444,0.223,0.769,11.263,0.119,1389.698,9.36,56.019,78.076,3.85,0.243,0.974,26.512,NA,1791.917,13.559,50.836,78.935,3.413,0.253,0.919,17.201,-4.378,959.619,5.347,70.494,139.984,1.02,79.425,0.261,1219.599,12.353
GCDT_002,55.587,69.456,3.345,0.127,0.403,2.578,-1.418,304.888,2.359,55.437,75.394,3.026,0.161,0.506,13.531,3.136,860.053,4.742,57.366,75.191,2.769,0.182,0.562,13.535,5.772,1320.228,7.354,61.103,124.469,0.399,77.112,0.193,658.757,8.051
GCDT_003,60.242,72.662,3.634,0.294,1.061,14.324,-3.942,2154.367,13.677,48.643,72.746,3.0,0.262,0.779,19.581,0.836,1386.202,9.316,57.546,77.487,2.673,0.277,0.876,16.228,2.028,1669.952,8.433,70.827,55.764,2.282,75.2,0.27,1129.686,11.254
GCDT_004,66.162,77.287,3.858,0.2,0.777,2.496,-2.886,656.474,5.677,60.92,78.091,3.278,0.186,0.595,16.15,2.42,1796.823,9.931,61.029,78.764,2.788,0.255,0.754,20.3,NA,1850.734,9.642,NA,159.88,2.118,80.44,0.221,1564.744,17.182
GCDT_005,42.962,69.375,2.835,0.23,0.635,10.46,1.947,524.381,4.294,34.072,68.571,0.88,0.236,0.287,27.018,8.918,1041.422,5.111,29.654,69.054,0.898,0.206,0.289,28.552,1.009,655.883,3.455,61.138,196.473,3.888,NA,NA,NA,NA
GCDT_006,35.619,64.142,3.165,0.263,0.779,30.988,26.762,1074.331,6.969,19.952,61.076,1.685,0.272,0.453,42.713,24.373,682.839,3.519,42.004,65.967,1.749,0.296,0.558,30.548,29.512,938.365,4.863,63.614,120.527,0.663,75.377,0.268,1071.301,11.125
GCDT_007,57.28,73.426,2.649,0.209,0.602,3.12,-1.073,419.433,4.816,48.417,81.918,3.144,0.257,0.782,22.858,7.295,889.087,4.985,54.548,79.189,3.368,0.194,0.774,6.036,2.688,357.489,2.376,68.237,134.941,1.307,77.406,0.276,988.631,11.604
GCDT_008,56.595,73.885,2.737,0.322,0.908,11.509,4.301,1057.463,10.496,44.728,71.296,1.82,0.306,0.602,15.721,-5.114,1008.688,5.649,51.782,73.827,1.719,0.322,0.722,23.819,12.226,1601.779,8.373,NA,NA,NA,78.832,0.324,1567.811,16.168
GCDT_009,38.332,65.635,2.746,0.211,0.531,28.015,-0.877,1168.141,8.722,NA,NA,NA,NA,NA,NA,NA,NA,NA,NA,NA,1.192,0.061,0.04,58.522,67.825,103.073,0.047,NA,NA,NA,77.503,0.28,607.401,6.64
GCDT_010,55.955,69.624,2.911,0.229,0.672,11.073,-0.769,909.091,7.676,NA,NA,NA,NA,NA,NA,NA,NA,NA,46.246,75.294,2.994,0.26,0.823,14.55,-3.605,522.063,3.13,71.037,40.099,1.169,75.411,NA,NA,NA
GCDT_011,48.038,70.165,3.314,0.241,0.772,15.582,-0.454,1019.195,7.556,20.907,67.099,3.282,0.19,0.636,44.468,28.731,644.439,3.421,13.386,62.246,2.081,0.191,0.448,35.495,-6.554,168.522,1.077,62.581,98.946,0.026,75.522,0.272,1687.341,15.349
GCDT_012,40.68,61.952,1.459,0.191,0.212,7.426,-3.153,276.273,2.792,48.48,71.747,2.173,0.25,0.534,13.501,5.348,691.468,3.524,53.014,75.669,2.13,0.245,0.644,6.987,-7.143,616.288,3.585,NA,NA,NA,68.299,0.266,518.798,4.395
GCDT_013,62.961,77.343,3.764,0.305,1.144,8.723,0.339,1083.466,9.156,46.573,73.922,3.371,0.26,0.889,26.131,10.724,1355.956,6.92,43.257,69.344,2.353,0.297,0.821,16.475,0.182,853.155,4.297,NA,NA,NA,77.627,0.328,1951.72,16.752
GCDT_014,65.819,77.377,2.455,0.276,0.745,16.367,-0.391,2097.68,18.055,NA,NA,NA,NA,NA,NA,NA,NA,NA,15.947,61.062,0.958,0.231,0.296,27.22,NA,226.724,0.943,NA,NA,NA,74.424,NA,NA,NA
GCDT_015,59.23,75.949,3.832,0.258,1.01,20.447,5.743,1454.095,8.92,NA,NA,NA,NA,NA,41.44,28.901,NA,NA,38.969,70.631,1.402,0.282,0.436,30.965,0.543,815.485,3.925,62.483,76.57,1.225,76.673,0.321,864.092,9.707
GCDT_016,55.756,72.283,2.221,0.297,0.644,13.5,NA,1656.424,14.677,31.828,62.934,1.612,0.267,0.419,35.603,79.917,760.94,4.18,52.557,70.331,1.457,0.246,0.514,9.835,4.811,798.442,4.494,NA,NA,NA,74.26,0.27,961.937,9.174
GCDT_017,47.52,69.527,2.343,0.277,0.636,13.105,-0.575,1113.139,7.402,57.96,75.174,2.735,0.341,0.859,14.491,4.662,1133.071,6.131,51.094,75.218,1.894,0.316,0.76,16.164,8.949,820.651,4.333,70.483,200.824,2.864,75.408,0.237,1281.122,14.34
GCDT_018,53.078,73.184,3.914,0.259,0.968,12.017,-2.126,1007.91,6.981,46.613,75.93,3.274,0.236,0.771,13.516,-1.229,610.572,4.639,52.741,71.43,3.365,0.22,0.861,14.611,-11.038,1178.769,8.405,NA,NA,NA,75.326,0.262,1171.352,12.061
GCDT_019,68.426,75.903,4.191,0.283,1.144,9.003,-3.544,1760.667,10.643,50.904,70.378,2.476,0.228,0.517,15.0,3.947,928.988,4.988,49.028,79.291,3.614,0.279,1.124,21.138,NA,1096.91,5.266,69.676,154.802,1.91,75.907,NA,NA,NA
GCDT_020,56.547,72.689,2.947,0.285,0.817,12.94,-0.562,1462.239,11.888,46.916,72.193,3.302,0.212,0.694,16.52,5.757,964.644,5.184,54.869,78.13,3.084,0.28,1.0,18.191,5.395,1346.867,7.316,66.061,150.638,1.038,75.321,0.307,1210.347,13.449
GCDT_021,57.422,73.132,3.536,0.284,1.003,4.99,NA,716.869,7.398,61.921,78.629,3.826,0.308,1.116,9.352,NA,1092.532,5.828,59.019,80.009,3.949,0.268,1.042,11.345,-1.203,1110.156,10.128,72.563,201.863,2.864,77.156,NA,NA,NA
GCDT_022,57.061,74.986,2.356,0.268,0.642,9.783,-0.381,1175.469,9.369,63.192,86.517,2.407,0.279,0.661,10.76,1.491,1609.909,8.294,53.656,78.582,1.968,0.335,0.746,16.703,-1.849,955.636,4.866,71.046,143.656,1.135,79.867,0.264,1586.562,15.749
GCDT_023,55.341,71.633,3.443,0.245,0.812,9.245,-0.801,1067.715,9.625,63.109,78.98,NA,0.271,NA,21.8,9.501,1591.217,8.754,61.563,78.34,2.546,0.328,0.95,13.278,0.686,1416.789,10.815,60.418,137.061,2.073,76.768,0.261,753.541,9.469
GCDT_024,47.169,68.88,3.323,0.224,0.674,9.511,-0.282,884.923,7.556,56.686,76.487,3.112,0.199,0.566,19.51,0.495,1885.495,10.678,59.344,75.25,3.244,0.208,0.772,13.682,10.568,1705.072,9.633,68.44,141.322,0.924,78.527,0.271,1347.649,13.947
GCDT_025,64.918,74.539,3.294,0.19,0.625,5.2,NA,1118.233,10.404,50.811,75.265,2.892,0.182,0.531,12.889,NA,1071.07,5.16,57.76,76.098,2.612,0.19,0.516,12.963,-3.233,1199.952,5.832,NA,NA,NA,NA,NA,NA,NA
GCDT_026,51.211,67.428,2.395,0.206,0.437,-0.922,-2.367,382.447,3.901,58.228,77.096,3.812,0.201,0.737,8.24,-0.823,1253.851,6.535,51.938,76.431,2.532,0.197,0.587,11.458,1.82,806.984,3.993,NA,NA,NA,77.105,0.232,1300.897,14.089
GCDT_027,67.806,77.094,3.25,0.177,0.57,0.91,NA,973.886,6.993,56.949,76.463,2.737,0.188,0.483,17.467,-1.936,1520.637,8.297,56.879,78.069,2.568,0.226,0.667,10.622,-13.128,955.688,5.264,NA,NA,NA,NA,NA,NA,NA
GCDT_029,64.418,75.177,2.309,0.218,0.468,1.531,2.425,701.294,4.682,61.744,78.373,3.122,0.204,0.695,9.726,4.311,660.67,4.049,66.793,80.442,2.483,0.221,0.651,5.809,NA,865.167,4.366,71.984,201.122,2.727,81.08,0.222,1223.025,9.509
GCDT_031,71.438,81.045,2.501,0.272,0.76,7.537,NA,1485.705,10.74,55.903,78.79,1.879,0.281,0.503,13.601,3.263,913.357,4.996,59.145,79.721,1.585,0.275,0.576,12.009,-6.985,1006.2,5.434,NA,NA,NA,NA,NA,NA,NA
GCDT_032,61.602,77.691,2.7,0.295,0.891,16.349,NA,2080.947,13.382,42.436,75.292,1.807,0.269,0.496,21.382,1.301,765.868,4.332,46.876,76.603,1.741,0.316,0.608,23.594,15.546,1006.174,5.49,69.566,92.963,-0.096,80.056,0.275,1348.268,17.33
GCDT_033,66.426,78.771,3.803,0.247,0.966,9.764,-1.069,1646.571,11.381,58.565,79.641,3.466,0.22,0.772,18.774,7.182,1793.346,10.153,62.16,83.345,3.577,0.277,1.146,12.086,4.448,1180.89,6.333,73.8,282.538,3.724,80.099,0.29,1920.749,18.211
GCDT_034,68.343,79.032,4.237,0.242,0.992,7.271,NA,1590.703,14.454,57.316,82.028,3.408,0.243,0.827,17.502,9.214,1331.382,6.968,63.92,81.711,3.333,0.252,0.953,8.837,-3.674,978.771,5.683,76.485,226.057,3.171,82.148,0.253,1763.791,17.015
GCDT_035,64.554,76.062,4.136,0.195,0.765,4.895,NA,1241.741,8.444,56.138,81.41,3.447,0.214,0.729,9.727,4.802,838.48,4.396,60.219,80.187,3.246,0.225,0.755,9.164,NA,838.182,4.527,NA,NA,NA,NA,NA,NA,NA
GCDT_036,65.481,77.5,3.658,0.235,0.905,9.046,-0.77,1857.023,15.746,46.658,71.312,2.752,0.194,0.54,18.417,23.41,1187.271,6.304,60.165,77.142,2.279,0.208,0.554,4.937,4.024,801.353,4.424,NA,NA,NA,NA,NA,NA,NA
GCDT_037,65.863,81.633,3.697,0.211,0.734,8.784,0.072,1106.969,11.571,51.835,78.558,2.968,0.22,0.673,8.0,5.364,1278.659,7.003,NA,NA,NA,NA,NA,NA,NA,NA,NA,NA,NA,NA,78.685,0.254,1354.224,14.67
GCDT_038,63.191,79.213,3.542,0.201,0.739,9.933,13.987,1448.357,7.166,61.251,78.538,3.716,0.202,0.73,15.38,NA,1289.565,10.611,60.366,79.88,3.658,0.207,0.774,19.281,NA,1649.866,8.65,79.391,107.772,0.78,81.309,0.237,1654.406,17.573
GCDT_039,66.728,79.976,3.126,0.22,0.671,4.122,-2.568,867.678,8.083,50.983,83.586,3.263,0.236,0.738,27.698,8.623,834.908,5.788,62.085,80.097,2.71,0.21,0.661,10.938,6.14,1174.922,8.889,NA,NA,NA,NA,NA,NA,NA
GCDT_040,68.525,75.942,2.551,0.178,0.348,1.073,-2.623,836.461,5.041,41.736,69.805,1.593,0.158,0.209,5.899,8.039,149.435,0.412,65.62,78.839,1.801,0.204,0.433,6.058,-1.52,1282.699,9.652,NA,NA,NA,NA,NA,NA,NA
GCDT_041,61.713,74.618,2.937,0.188,0.496,0.385,-1.703,801.736,7.546,63.609,80.154,3.176,0.194,0.621,8.134,1.836,1539.909,7.53,NA,NA,1.197,NA,NA,15.558,15.501,NA,NA,NA,NA,NA,81.082,0.231,1548.284,14.91
GCDT_042,39.533,64.685,1.747,0.176,0.244,2.595,3.038,195.849,2.259,35.979,73.058,1.707,0.165,0.275,18.696,5.078,529.759,3.991,51.556,72.268,1.415,0.224,0.441,12.922,35.319,971.652,5.586,77.027,273.24,2.863,76.418,0.263,1979.477,20.768
GCDT_043,66.797,77.426,2.701,0.192,0.478,2.527,NA,448.8,6.021,64.052,80.824,3.383,0.173,0.598,9.941,NA,1077.246,5.314,71.208,82.789,3.038,0.2,0.692,8.148,-6.683,1162.369,5.815,NA,NA,NA,NA,NA,NA,NA
GCDT_044,73.435,79.752,2.617,0.266,0.723,0.633,-0.565,809.868,5.798,72.817,79.948,2.957,0.226,0.588,5.55,4.662,972.09,5.187,65.972,82.815,2.788,0.253,0.828,4.603,-0.598,1161.397,6.118,NA,NA,NA,NA,NA,NA,NA
GCDT_045,77.002,83.079,3.082,0.251,0.816,4.528,NA,1432.38,10.13,64.323,81.78,3.019,0.216,0.654,8.266,7.511,1270.36,6.539,71.343,82.141,2.819,0.228,0.734,4.894,6.541,818.717,4.597,74.646,141.854,1.859,83.434,0.223,2119.857,17.913
GCDT_046,60.252,74.362,3.058,0.234,0.742,10.941,-2.719,1307.063,12.218,43.96,63.495,2.835,0.195,0.563,39.988,54.706,2018.592,12.821,NA,NA,NA,NA,NA,24.576,-11.438,NA,NA,68.767,131.26,1.998,73.892,0.219,1231.761,11.64
GCDT_047,34.03,60.839,2.506,0.186,0.38,5.784,-2.947,84.83,1.947,NA,NA,NA,NA,NA,23.314,-1.475,NA,NA,NA,NA,NA,NA,NA,NA,NA,NA,NA,NA,NA,NA,NA,NA,NA,NA
GCDT_048,32.555,57.465,1.596,0.136,0.164,10.982,0.8,180.619,2.859,29.472,58.543,2.115,0.152,0.321,24.867,50.155,583.265,2.897,NA,NA,NA,NA,NA,20.905,18.564,NA,NA,73.739,108.241,0.842,79.542,NA,NA,NA
GCDT_049,59.785,72.994,4.132,0.274,1.097,10.621,2.709,1891.356,11.656,54.767,73.329,2.864,0.29,0.852,26.359,3.441,2586.085,13.0,55.779,75.934,3.019,0.25,0.878,14.353,4.822,1676.898,9.183,69.642,126.742,1.726,76.089,0.3,1491.246,14.828
GCDT_050,66.621,76.204,3.665,0.196,0.735,4.532,-0.792,1051.958,9.896,54.362,77.158,3.428,0.194,0.649,15.959,2.928,1387.568,7.231,57.804,78.975,2.839,0.232,0.725,14.023,4.973,1228.717,6.316,NA,NA,NA,NA,NA,NA,NA
GCDT_051,66.748,76.705,2.903,0.183,0.464,1.523,-1.062,1098.352,7.266,68.386,84.902,4.557,0.177,0.788,4.731,NA,1052.896,5.811,57.541,81.105,3.107,0.192,0.642,11.546,-8.659,730.933,3.797,69.965,111.96,0.222,82.406,0.205,1676.346,17.875
GCDT_052,68.623,79.54,3.724,0.218,0.817,7.563,1.423,1164.383,9.172,63.647,81.848,3.875,0.214,0.845,12.778,NA,1592.941,7.905,60.992,84.183,3.636,0.197,0.829,13.042,13.312,1379.852,8.011,73.425,127.04,1.192,81.327,0.22,1513.302,15.491
GCDT_054,64.874,75.158,3.011,0.2,0.488,4.811,NA,665.934,5.507,51.859,70.135,2.435,0.164,0.362,10.813,NA,992.169,5.196,65.198,79.958,2.601,0.216,0.603,6.691,4.239,1060.563,5.461,NA,NA,NA,78.568,0.214,599.114,10.275
GCDT_055,64.76,77.235,3.643,0.185,0.695,14.162,-1.014,2437.712,15.468,60.782,75.913,3.743,0.202,0.801,26.8,1.631,3039.797,16.151,52.485,77.316,3.013,0.191,0.683,19.468,-8.601,1453.464,7.911,72.496,126.007,1.135,77.257,0.214,1123.934,13.683
GCDT_056,62.041,78.042,3.96,0.2,0.764,10.948,NA,1558.186,13.578,NA,NA,NA,NA,NA,NA,NA,NA,NA,59.744,83.336,3.272,0.249,0.874,14.272,-8.402,1205.732,6.836,74.683,171.829,1.954,80.58,0.224,1164.121,12.817
GCDT_057,48.06,70.941,1.768,0.143,0.216,5.32,NA,18.822,0.96,53.559,77.94,2.452,0.135,0.34,0.847,1.497,298.098,1.937,56.105,77.699,1.847,0.144,0.319,5.298,NA,268.525,1.71,NA,NA,NA,NA,NA,NA,NA
GCDT_058,62.085,77.219,2.521,0.154,0.349,-0.204,-1.205,200.144,3.145,65.133,84.6,3.08,0.173,0.518,6.942,7.593,534.699,2.947,30.202,80.411,2.486,0.159,0.482,19.872,0.039,543.784,3.007,76.66,81.086,1.515,81.132,0.184,1221.762,13.16
GCDT_059,49.051,67.802,2.303,0.196,0.501,3.82,NA,275.121,2.566,52.521,77.035,3.655,0.162,0.622,21.666,12.609,975.132,5.073,60.269,79.266,2.361,0.194,0.629,4.02,11.136,925.067,5.207,62.563,115.851,-0.254,78.389,0.21,987.409,11.167
GCDT_060,68.37,77.436,2.634,0.174,0.473,1.822,-1.33,682.884,5.202,50.539,73.794,2.61,0.145,0.36,7.876,6.503,532.522,3.135,56.939,75.538,2.12,0.156,0.41,1.267,0.885,431.265,2.255,71.489,160.769,1.377,75.973,0.169,804.092,9.03
GCDT_061,55.104,71.055,2.327,0.176,0.395,4.067,NA,496.429,4.959,52.311,75.199,3.133,0.224,0.728,11.077,NA,787.98,4.235,51.213,74.179,2.222,0.209,0.587,10.692,4.984,847.855,4.745,76.598,150.507,3.061,75.006,0.218,574.093,5.848
GCDT_062,56.291,74.66,2.736,0.147,0.388,5.332,0.251,529.819,4.222,66.103,81.23,3.26,0.151,0.515,1.412,-2.554,487.855,3.157,53.043,77.429,2.582,0.128,0.457,4.116,9.483,196.412,0.983,60.057,78.11,-0.331,78.46,0.165,941.404,9.798
GCDT_063,49.694,70.474,1.65,0.162,0.279,7.086,2.433,633.473,3.877,59.215,80.266,2.537,0.148,0.417,1.389,10.301,702.666,3.521,53.153,74.974,1.857,0.166,0.424,10.2,NA,936.652,5.353,68.482,129.69,0.468,77.705,0.175,934.885,10.557
GCDT_064,51.114,68.888,3.092,0.224,0.672,23.973,2.976,1976.88,13.247,41.111,73.803,2.574,0.201,0.536,44.843,3.875,1601.909,8.887,NA,NA,NA,NA,NA,NA,NA,NA,NA,70.895,175.859,1.917,79.76,0.241,756.374,9.325
GCDT_065,41.932,65.038,2.682,0.199,0.544,23.327,7.652,639.537,5.833,8.333,42.768,2.529,0.134,0.361,23.794,79.527,139.565,1.375,41.246,69.358,2.64,0.161,0.481,10.403,2.901,504.363,2.802,NA,NA,NA,73.839,0.253,838.986,8.869
GCDT_066,62.674,77.316,3.229,0.233,0.784,6.757,NA,1280.078,11.089,55.236,73.245,3.466,0.2,0.709,19.397,4.705,1538.896,8.658,49.74,77.397,3.227,0.257,0.897,8.852,0.148,544.698,2.74,69.886,103.569,-0.899,78.599,0.277,1747.665,17.397
GCDT_067,39.265,61.121,1.708,0.27,0.455,14.378,5.773,680.538,5.459,37.738,64.708,2.131,0.235,0.484,39.559,25.909,1310.834,7.697,NA,NA,NA,NA,NA,33.118,NA,NA,NA,61.016,-4.816,1.467,69.081,NA,NA,NA
GCDT_068,71.293,80.341,3.527,0.136,0.527,0.488,-1.56,323.044,2.899,27.002,70.576,2.794,0.138,0.352,16.312,9.721,478.992,2.797,48.483,72.675,2.197,0.136,0.335,12.915,8.992,577.853,3.138,NA,NA,NA,NA,NA,NA,NA
GCDT_069,66.413,77.128,3.697,0.222,0.816,8.061,-2.588,1911.921,17.296,NA,NA,NA,NA,NA,20.615,NA,NA,NA,57.121,78.717,2.75,0.251,0.841,12.675,8.92,1369.907,7.589,67.515,54.967,17.883,81.071,0.263,1695.288,16.068
GCDT_070,57.428,74.644,3.565,0.198,0.698,5.637,15.393,581.896,4.053,60.711,75.497,3.987,0.216,0.856,23.745,0.676,2792.946,14.377,40.351,78.901,2.842,0.192,0.681,14.001,3.205,696.446,4.602,77.277,182.763,1.934,81.244,0.238,1340.484,13.229
GCDT_071,52.303,71.206,3.402,0.24,0.765,4.195,-3.809,355.646,2.78,68.411,81.603,2.994,0.285,0.914,11.074,0.578,2529.501,12.351,57.927,80.996,3.994,0.27,1.128,12.904,3.777,934.23,4.939,74.686,248.063,3.76,80.462,0.282,1543.015,16.328
GCDT_072,22.315,42.2,0.908,0.14,0.071,5.986,9.085,75.019,1.803,31.105,68.67,2.544,0.221,0.587,21.363,22.076,533.816,3.146,49.041,72.971,3.077,0.211,0.848,31.448,18.224,2977.562,23.353,NA,NA,NA,NA,NA,NA,NA
GCDT_073,55.73,73.155,2.625,0.216,0.561,7.216,4.5,839.314,2.462,60.004,80.382,2.979,0.248,0.746,11.222,0.833,1067.878,5.776,58.817,79.549,2.463,0.287,0.816,14.85,-9.451,1149.679,5.805,70.446,73.547,0.534,79.65,0.244,1480.998,14.916
GCDT_074,55.952,72.523,2.638,0.254,0.746,5.269,1.932,739.725,5.155,37.604,75.809,2.962,0.299,0.887,27.038,62.589,994.071,5.245,42.752,78.148,3.098,0.285,1.012,24.778,14.97,969.371,4.864,NA,NA,NA,78.832,0.252,595.842,7.422
GCDT_075,56.033,70.738,2.705,0.201,0.506,3.059,-1.25,721.08,5.247,55.254,72.444,3.731,0.148,0.566,15.893,NA,1200.771,6.702,60.809,80.481,3.02,0.177,0.62,5.895,-1.86,843.755,4.684,58.567,88.873,-0.01,78.828,0.217,1354.244,14.784
GCDT_076,50.775,74.688,3.087,0.238,0.751,10.052,-1.254,555.459,5.549,30.359,68.167,2.8,0.195,0.521,28.846,47.336,596.5,3.223,41.048,70.789,2.212,0.229,0.667,16.252,65.39,841.926,4.298,NA,NA,NA,79.818,0.26,1329.736,13.172
GCDT_077,55.924,73.921,2.529,0.233,0.569,9.996,0.511,1193.385,10.802,32.495,63.323,1.366,0.252,0.35,37.144,3.068,1080.781,5.968,45.106,75.262,2.087,0.229,0.583,18.232,NA,822.236,4.105,NA,NA,NA,NA,NA,NA,NA
GCDT_078,42.731,65.619,2.065,0.209,0.349,11.011,2.137,817.318,7.635,30.576,69.289,1.83,0.235,0.378,34.662,9.365,777.3,4.121,17.184,59.499,1.386,0.163,0.234,22.57,36.023,-47.106,0.144,71.094,144.912,1.753,77.606,0.273,963.292,9.287
GCDT_079,54.151,69.062,2.457,0.254,0.55,13.736,-0.686,1516.223,13.381,8.089,17.267,1.653,0.204,0.327,36.482,62.827,225.102,1.206,30.961,66.865,0.946,0.232,0.346,22.2,7.411,565.539,3.116,73.083,167.798,2.287,77.594,0.258,995.462,9.702
GCDT_080,54.255,71.473,2.484,0.257,0.626,7.503,NA,773.992,6.887,26.238,61.705,2.233,0.27,0.602,28.401,14.328,577.404,4.118,35.978,64.95,1.645,0.296,0.598,24.327,3.518,858.616,6.021,68.266,225.745,3.057,76.772,0.291,1110.695,13.073
GCDT_081,62.99,74.31,3.851,0.292,1.182,9.252,-2.406,1971.479,12.809,NA,NA,NA,NA,NA,NA,NA,NA,NA,52.758,76.041,3.164,0.22,0.767,16.652,-2.817,1355.7,6.511,65.148,130.794,0.665,76.071,0.276,1485.949,13.629
GCDT_082,58.562,66.476,2.462,0.205,0.455,4.729,-3.215,888.672,9.336,31.273,69.304,1.77,0.181,0.332,21.213,19.195,458.623,3.096,42.974,73.035,2.158,0.181,0.464,12.901,13.648,551.785,2.593,NA,NA,NA,NA,NA,NA,NA
GCDT_083,52.734,71.026,2.19,0.209,0.449,9.316,-0.024,773.141,7.879,13.081,42.79,1.467,0.218,0.333,42.166,167.999,407.111,2.527,24.738,68.794,1.562,0.229,0.411,29.131,7.966,336.626,2.285,73.415,193.866,4.038,79.508,0.26,891.847,9.036
GCDT_084,50.124,68.457,2.855,0.219,0.534,0.518,-1.089,441.001,5.282,44.285,75.115,3.822,0.221,0.838,18.194,6.498,665.669,3.983,55.812,77.762,2.237,0.252,0.719,10.61,1.327,801.131,4.202,65.991,77.345,-0.642,77.777,0.272,1088.663,11.448
GCDT_085,68.243,78.474,3.229,0.257,0.832,3.441,-1.181,984.257,8.949,58.517,79.925,3.879,0.215,0.803,14.047,10.83,1014.679,6.491,61.915,83.711,3.878,0.261,1.107,6.566,1.346,857.226,6.221,72.918,245.96,2.065,78.455,0.25,1351.678,15.635
GCDT_086,78.925,88.833,4.095,0.2,0.796,10.448,NA,1342.721,14.515,NA,NA,NA,NA,NA,NA,NA,NA,NA,55.574,76.889,2.541,0.217,0.647,9.053,13.614,882.078,6.506,NA,NA,NA,80.247,0.214,1380.382,17.431
GCDT_087,59.284,75.958,4.303,0.202,0.793,9.278,4.183,1036.685,8.665,64.146,82.445,3.618,0.248,0.863,12.062,8.43,1225.279,6.5,66.163,84.979,3.157,0.258,0.91,12.079,2.406,762.558,4.236,NA,NA,NA,80.345,0.237,1071.58,11.086
GCDT_088,62.828,77.403,4.211,0.226,0.957,12.306,1.065,1608.053,10.654,51.101,75.619,4.094,0.268,0.999,28.208,-2.425,1784.221,10.027,NA,NA,NA,NA,NA,13.372,5.259,NA,NA,68.254,117.105,1.411,76.384,0.252,1738.077,18.545
GCDT_089,60.274,74.747,3.556,0.247,0.856,5.823,NA,1228.982,7.77,62.243,77.268,3.353,0.222,0.778,10.779,-1.888,1684.648,8.765,62.833,80.19,3.193,0.254,0.939,9.693,5.165,1084.582,5.903,46.773,48.105,-0.551,79.345,0.237,1729.205,16.265
GCDT_090,66.366,77.758,3.443,0.231,0.747,7.981,-0.864,1191.935,7.961,61.335,80.099,4.343,0.253,1.095,15.239,3.888,1200.16,9.166,53.546,81.484,3.041,0.288,0.936,12.918,2.592,850.549,4.892,70.147,173.366,1.093,80.764,0.241,1744.765,17.169
GCDT_091,52.46,71.147,3.175,0.181,0.544,6.455,-1.641,319.374,4.491,NA,NA,2.654,0.205,0.471,NA,-0.286,842.555,4.426,56.952,80.593,2.719,0.243,0.76,9.155,NA,881.875,6.579,74.663,148.577,1.106,79.217,0.227,1565.003,14.771
GCDT_092,NA,NA,NA,NA,NA,9.778,NA,NA,NA,61.591,79.592,3.842,0.186,0.695,7.458,NA,798.545,4.308,51.679,73.358,2.691,0.2,0.594,8.239,9.963,679.302,3.506,NA,NA,NA,NA,NA,NA,NA
GCDT_093,32.251,73.523,3.175,0.254,0.796,44.809,0.353,1364.971,9.152,56.436,83.522,3.127,0.294,0.863,18.063,0.069,1460.892,7.549,51.86,76.936,3.166,0.21,0.746,16.9,-4.628,1136.498,6.799,NA,NA,NA,80.742,0.28,1074.391,13.973
GCDT_094,63.976,77.772,3.098,0.244,0.712,7.974,-3.085,1726.986,11.329,72.277,85.212,3.807,0.277,0.996,17.338,4.429,2165.207,11.028,62.806,83.207,3.318,0.257,0.88,20.797,23.068,1848.533,9.611,NA,NA,NA,81.704,0.257,1385.879,15.96
GCDT_095,67.583,77.992,3.609,0.244,0.838,7.13,-2.475,1843.971,13.394,61.304,80.66,4.157,0.196,0.856,14.4,0.81,1382.581,7.554,60.344,83.277,3.44,0.232,0.873,10.451,5.062,1092.143,7.201,NA,NA,NA,NA,NA,NA,NA
GCDT_096,45.454,63.493,1.981,0.217,0.434,11.672,NA,868.612,6.479,55.586,72.645,2.958,0.264,0.781,24.836,10.468,2065.588,12.514,42.587,70.916,2.047,0.271,0.67,29.013,27.978,1185.007,6.535,73.351,103.464,2.171,76.822,0.286,1322.719,14.325
GCDT_097,47.704,71.645,2.877,0.251,0.672,16.501,-3.132,1073.256,7.104,13.674,76.044,2.512,0.255,0.687,69.067,20.794,316.624,1.518,NA,NA,NA,NA,NA,NA,NA,NA,NA,72.216,155.336,1.997,80.167,0.26,1353.675,14.791
GCDT_098,54.727,80.449,3.74,0.232,0.834,10.175,-2.757,525.188,5.414,53.561,82.18,3.351,0.213,0.663,8.675,4.14,738.299,3.95,59.799,79.897,3.248,0.203,0.764,9.871,13.244,1107.11,7.132,75.605,250.871,3.216,80.951,0.253,1738.447,19.22
GCDT_099,64.119,74.572,2.77,0.194,0.502,1.296,-1.093,140.99,1.815,64.905,78.699,3.026,0.186,0.586,9.063,3.226,1188.736,6.816,67.092,78.948,2.78,0.194,0.634,4.954,7.255,874.023,4.7,NA,NA,NA,78.976,0.231,1686.083,21.196
GCDT_100,68.633,77.732,3.459,0.203,0.627,2.494,-1.973,838.978,6.329,69.447,83.99,2.579,0.197,0.508,-11.495,-0.182,335.182,2.405,66.439,82.249,2.907,0.177,0.654,3.771,NA,795.803,3.85,NA,NA,NA,NA,NA,NA,NA
GCDT_101,42.935,62.336,2.291,0.164,0.314,11.945,17.928,701.987,6.275,37.527,73.779,1.749,0.204,0.37,25.464,2.447,974.441,5.122,66.169,81.319,2.336,0.213,0.589,8.513,-3.581,1190.215,6.591,NA,NA,NA,NA,NA,NA,NA
GCDT_102,55.126,67.409,2.056,0.205,0.376,1.824,-0.567,313.114,4.001,55.581,73.799,1.821,0.241,0.416,7.761,3.906,897.917,4.69,58.619,75.555,1.689,0.214,0.467,10.598,NA,891.568,4.538,NA,NA,NA,NA,NA,NA,NA
GCDT_103,57.573,72.047,2.863,0.2,0.552,9.512,9.567,817.293,9.152,55.205,72.886,2.007,0.228,0.412,-5.681,2.878,516.104,3.201,54.447,79.721,1.854,0.245,0.518,13.848,NA,1124.621,6.787,60.497,29.18,1.483,76.489,0.253,1107.64,17.434
GCDT_104,68.242,76.253,3.184,0.219,0.721,3.01,-0.537,981.146,8.64,NA,NA,NA,NA,NA,NA,NA,NA,NA,68.515,80.868,2.996,0.242,0.868,7.859,NA,1498.885,11.216,NA,NA,NA,77.391,0.239,1655.069,17.039
GCDT_105,NA,NA,NA,NA,NA,1.868,15.401,NA,NA,49.004,69.685,1.966,0.172,0.333,10.137,2.318,620.508,3.009,56.587,76.171,2.636,0.172,0.524,5.462,13.332,692.226,3.818,NA,NA,NA,77.314,0.188,539.05,8.157
GCDT_106,43.21,72.797,3.72,0.245,0.929,8.674,NA,684.715,6.506,20.659,78.573,2.712,0.239,0.68,27.385,1.832,457.253,2.325,47.078,78.556,2.381,0.276,0.753,18.807,-7.202,917.769,5.601,NA,NA,NA,NA,NA,NA,NA
GCDT_107,44.848,68.079,2.128,0.271,0.537,8.269,-0.884,520.841,4.274,20.808,67.978,1.894,0.343,0.612,40.278,13.187,505.338,3.064,39.404,79.233,1.664,0.336,0.712,24.316,NA,874.542,4.847,67.255,136.291,1.365,78.81,NA,NA,NA
GCDT_108,44.157,63.916,3.109,0.261,0.79,22.794,17.34,1191.44,8.708,50.109,78.844,2.158,0.286,0.605,17.478,-0.472,784.185,3.922,53.98,75.757,1.714,0.323,0.708,17.839,2.579,1494.137,8.368,72.516,-18.403,1.562,78.926,0.248,1369.656,13.256
GCDT_109,61.767,72.829,4.067,0.183,0.693,4.479,-1.113,1003.981,8.231,66.886,80.355,4.637,0.203,0.951,11.325,4.007,1582.223,8.083,69.332,81.832,3.047,0.179,0.636,4.892,-5.709,673.169,4.072,NA,NA,NA,79.471,0.212,876.285,10.94
GCDT_110,62.941,74.268,2.748,0.23,0.594,6.745,-0.066,1381.164,9.459,53.748,82.054,3.899,0.215,0.887,33.258,14.758,3393.649,16.282,61.847,82.116,3.607,0.257,1.027,6.574,NA,801.673,4.053,60.836,108.355,0.136,79.692,0.228,1545.306,16.1
GCDT_111,66.631,77.283,3.188,0.227,0.657,2.717,NA,963.17,6.321,62.806,78.042,3.122,0.235,0.753,15.997,2.63,1815.919,9.708,65.925,81.937,3.661,0.244,0.983,10.232,-0.203,1692.115,8.104,74.333,439.687,4.883,79.563,0.226,2017.868,22.623
GCDT_112,64.973,75.44,3.229,0.193,0.617,3.856,-0.227,961.678,8.832,60.93,78.809,2.648,0.289,0.74,12.545,NA,1613.9,7.911,59.425,76.499,2.48,0.291,0.801,12.628,4.489,1110.282,6.097,71.404,28.792,1.346,72.169,0.263,947.678,11.135
GCDT_113,65.134,74.187,3.994,0.217,0.872,4.844,-0.07,930.308,8.188,56.848,75.788,2.958,0.228,0.673,12.053,2.875,721.633,5.005,59.26,79.049,3.229,0.224,0.853,12.097,1.937,1140.515,7.194,69.338,206.433,2.336,76.768,0.238,901.515,12.521
GCDT_114,45.128,64.575,1.491,0.24,0.356,3.962,-3.097,143.743,1.325,56.245,74.009,2.331,0.279,0.661,21.392,-1.846,2354.903,11.568,NA,75.543,1.84,0.275,0.544,NA,NA,836.203,4.341,68.684,147.458,1.012,74.132,0.27,1204.013,15.143
GCDT_115,43.035,63.438,3.272,0.184,0.532,8.847,-2.492,817.34,7.532,25.495,62.261,2.317,0.205,0.47,47.723,17.629,793.41,4.399,38.609,62.538,2.208,0.207,0.568,34.643,3.589,1997.208,9.597,NA,NA,NA,72.096,0.246,1492.142,13.52
GCDT_116,34.603,69.537,3.139,0.159,0.524,27.003,3.045,561.751,4.715,36.492,66.675,2.106,0.182,0.384,42.039,12.271,1331.83,7.448,21.865,72.452,2.308,0.194,0.519,40.764,5.9,592.805,3.364,NA,NA,NA,NA,NA,NA,NA
GCDT_117,54.585,70.081,3.139,0.225,0.687,10.029,-0.77,1117.132,9.793,49.067,71.704,2.522,0.307,0.786,33.068,NA,1948.982,10.801,NA,NA,NA,NA,NA,55.693,NA,NA,NA,NA,NA,NA,77.237,0.254,1049.672,11.368
GCDT_118,55.586,66.584,2.058,0.193,0.466,0.19,-2.03,348.173,4.058,34.103,69.825,2.909,0.179,0.536,21.973,12.873,743.136,4.183,39.947,67.5,2.115,0.202,0.544,16.285,3.242,831.028,4.451,NA,NA,NA,76.33,0.272,2434.361,11.201
GCDT_119,18.4,66.432,2.457,0.142,0.306,12.696,-0.748,54.646,1.41,16.777,72.661,2.218,0.154,0.324,35.022,12.81,201.724,1.162,27.238,69.207,1.707,0.208,0.411,39.624,17.458,724.119,3.499,NA,NA,NA,NA,NA,NA,NA
GCDT_120,46.266,73.081,3.924,0.23,0.899,23.041,0.72,1132.857,11.285,38.942,72.799,2.532,0.265,0.635,50.083,48.259,1485.275,8.094,35.805,73.851,1.684,0.209,0.429,20.176,NA,648.168,4.597,70.409,207.458,1.395,77.563,NA,NA,NA
GCDT_121,39.059,68.421,2.324,0.21,0.461,28.468,NA,1318.881,8.705,32.62,63.991,1.902,0.224,0.439,60.75,37.565,2135.673,10.991,30.214,58.898,1.358,0.19,0.329,38.918,8.968,1017.845,5.279,NA,NA,NA,76.937,0.245,723.399,7.927
GCDT_122,53.642,69.242,3.129,0.224,0.648,6.719,-1.734,1280.667,11.98,50.703,72.565,3.065,0.211,0.685,39.117,7.623,2387.588,18.83,60.992,76.103,3.645,0.173,0.726,16.185,2.886,2245.325,17.355,52.655,61.179,0.948,80.562,0.188,1188.51,10.512
GCDT_123,53.92,71.596,3.273,0.251,0.834,9.453,NA,950.09,8.384,57.552,75.19,3.649,0.235,0.888,29.004,2.214,3213.326,17.916,56.495,74.407,2.958,0.231,0.788,12.28,1.16,1353.699,9.031,NA,NA,NA,NA,NA,NA,NA
GCDT_124,62.884,75.16,3.51,0.181,0.714,9.799,9.996,1472.147,6.628,58.958,80.289,2.997,0.219,0.662,24.125,17.361,2884.091,14.16,65.656,82.276,3.109,0.222,0.783,18.927,5.091,2498.038,12.307,59.999,-47.889,-0.593,79.01,0.215,731.258,7.157
GCDT_125,57.463,68.827,3.033,0.191,0.546,6.922,5.027,1038.866,9.262,56.822,74.615,3.536,0.218,0.776,17.538,4.073,1163.829,6.443,60.37,78.662,2.881,0.208,0.694,7.9,NA,1007.743,6.283,NA,NA,NA,76.446,0.214,1355.397,14.338
GCDT_126,53.443,69.115,3.399,0.204,0.631,17.026,4.786,1821.819,10.95,NA,NA,NA,NA,NA,74.775,125.086,NA,NA,48.863,77.887,3.36,0.225,0.873,29.292,17.908,1930.954,10.735,64.458,80.221,13.03,75.562,0.235,1668.225,19.904
GCDT_127,65.182,78.131,3.885,0.23,1.007,24.601,NA,3215.153,16.014,58.609,69.994,3.405,0.227,0.756,12.171,10.313,2919.603,14.851,NA,NA,NA,NA,NA,NA,NA,NA,NA,67.185,93.927,-0.16,77.746,0.245,1062.051,9.772
GCDT_128,53.326,69.458,2.784,0.187,0.5,8.844,NA,888.959,6.6,55.297,76.801,2.425,0.184,0.47,12.382,NA,1350.216,6.687,56.079,77.363,2.78,0.199,0.606,9.809,5.586,734.128,3.961,65.74,107.672,0.557,81.077,0.206,871.773,9.66
GCDT_129,49.659,74.329,3.812,0.221,0.804,14.314,-1.247,1027.068,7.933,40.98,70.73,3.857,0.197,0.777,34.798,12.955,1373.803,7.151,52.754,78.894,3.519,0.265,1.019,23.225,NA,1390.103,7.322,68.783,82.006,0.892,80.601,0.24,1336.396,15.378
GCDT_130,58.229,75.538,4.142,0.239,0.919,9.971,NA,1300.099,11.023,31.695,67.037,2.91,0.2,0.596,52.845,6.72,1405.915,10.989,56.882,77.159,4.711,0.219,0.824,14.633,3.794,1390.441,17.197,69.978,128.684,0.276,80.253,0.231,1324.782,14.27
GCDT_131,47.176,66.592,3.002,0.162,0.445,8.134,NA,529.274,5.624,NA,NA,3.13,NA,NA,18.728,NA,NA,NA,44.03,75.859,2.806,0.234,0.733,19.803,14.959,749.62,3.072,73.485,119.616,1.348,78.23,0.221,1154.624,13.865
GCDT_132,41.949,72.047,3.278,0.236,0.731,10.716,NA,586.825,4.442,28.411,75.779,3.915,0.258,0.964,33.538,40.806,796.558,4.505,37.541,77.646,2.496,0.239,0.708,23.281,10.936,819.831,4.344,NA,NA,NA,NA,NA,NA,NA
GCDT_133,60.245,76.822,3.668,0.219,0.769,6.71,-0.162,624.239,5.641,64.28,83.391,4.154,0.238,0.901,14.551,9.348,1124.185,6.482,61.614,78.788,2.584,0.272,0.808,8.424,8.452,1013.52,5.558,68.765,102.024,1.17,80.032,0.216,1111.963,11.725
GCDT_134,53.889,66.401,3.98,0.188,0.667,0.831,NA,615.863,6.708,58.728,74.131,3.939,0.224,0.889,16.8,3.771,2220.788,10.611,NA,NA,NA,NA,NA,NA,NA,NA,NA,NA,NA,NA,NA,NA,NA,NA
GCDT_135,63.979,75.945,4.367,0.231,1.003,9.521,3.652,1870.276,10.34,59.857,79.806,4.248,0.257,1.067,38.874,3.041,3901.426,19.399,NA,NA,NA,NA,NA,12.31,6.884,NA,NA,69.951,170.95,1.263,78.561,0.268,1467.804,14.301
GCDT_136,62.348,75.524,4.13,0.244,1.066,15.741,-0.894,2093.505,13.617,54.622,71.462,4.027,0.248,0.973,20.551,1.534,2224.077,11.356,52.767,74.889,3.872,0.28,1.191,21.521,7.001,1727.693,8.32,65.584,144.123,0.921,76.358,0.268,1409.368,14.711
GCDT_137,57.313,72.529,2.698,0.198,0.567,7.643,-2.363,952.322,8.237,45.835,70.215,2.873,0.242,0.735,32.486,6.992,1742.394,10.008,49.179,75.368,2.715,0.249,0.814,12.041,5.647,737.145,4.559,NA,NA,NA,NA,NA,NA,NA
GCDT_138,51.46,65.717,1.772,0.279,0.53,13.236,0.458,992.551,7.131,47.368,69.757,2.655,0.287,0.79,38.35,-0.721,2272.643,11.032,52.703,73.557,2.79,0.314,0.958,21.748,3.35,1526.714,7.776,NA,NA,NA,NA,NA,NA,NA
GCDT_139,58.668,72.041,2.857,0.177,0.507,5.083,NA,588.806,5.735,51.653,73.219,2.679,0.202,0.505,22.342,16.765,1200.887,6.475,62.3,76.89,3.14,0.178,0.653,12.907,12.065,1498.7,7.973,69.701,138.283,1.25,77.57,0.191,1179.474,12.393
GCDT_140,41.563,63.099,1.833,0.217,0.446,22.034,1.019,1031.537,6.797,36.738,63.77,2.319,0.234,0.528,35.238,14.195,857.565,4.784,40.01,62.876,1.973,0.196,0.469,30.541,6.689,1303.065,6.924,NA,NA,NA,NA,NA,NA,NA
GCDT_141,51.776,66.963,2.734,0.226,0.612,14.279,3.845,1379.626,10.75,41.225,72.561,3.098,0.279,0.812,37.415,19.837,1307.574,7.783,36.103,74.095,2.01,0.299,0.738,26.811,-0.548,782.712,3.963,NA,NA,NA,77.324,0.256,1765.21,18.372
GCDT_142,13.643,34.432,0.828,0.154,0.155,16.971,-0.188,167.296,1.8,7.981,26.998,1.205,0.151,0.189,53.898,30.425,326.129,1.255,14.524,40.71,0.741,0.185,0.251,25.475,24.63,423.964,2.55,NA,NA,NA,79.399,0.273,1249.916,13.191
GCDT_143,55.826,76.36,3.241,0.2,0.687,10.359,-2.679,618.275,5.537,49.219,74.767,3.511,0.209,0.744,16.152,1.531,830.751,4.622,34.644,71.955,2.793,0.221,0.704,15.158,22.458,592.439,3.03,74.269,225.409,2.876,73.534,0.227,1191.568,12.645
GCDT_144,54.13,70.325,3.271,0.213,0.644,7.792,-0.985,656.158,6.82,51.731,74.385,2.413,0.205,0.517,13.606,9.846,968.318,5.59,28.6,65.338,2.831,0.212,0.619,21.0,56.848,258.944,1.81,NA,NA,NA,76.392,0.238,948.957,11.253
GCDT_145,37.686,65.415,2.12,0.204,0.459,8.484,NA,141.51,1.308,33.595,61.674,2.187,0.238,0.501,23.121,33.038,619.47,3.477,41.405,71.152,2.501,0.228,0.681,14.843,12.091,764.105,3.713,NA,NA,NA,NA,NA,NA,NA
GCDT_146,63.925,75.933,3.825,0.269,1.036,15.893,-1.596,2580.873,18.596,54.093,74.741,2.988,0.256,0.783,32.89,16.443,2455.026,14.542,NA,NA,NA,NA,NA,11.647,NA,NA,NA,72.157,230.059,2.026,79.683,0.235,1939.92,13.678
GCDT_147,56.203,71.57,2.997,0.212,0.577,4.599,-2.087,876.608,7.939,53.097,73.655,2.16,0.198,0.416,-4.851,4.899,431.505,2.784,NA,NA,2.302,0.25,0.667,NA,5.938,928.298,5.221,NA,NA,NA,NA,NA,NA,NA
GCDT_148,43.62,69.866,2.154,0.214,0.482,11.648,-0.71,438.853,3.652,40.871,76.956,3.508,0.242,0.794,24.363,14.002,670.496,3.605,32.567,68.274,3.386,0.211,0.749,31.287,45.004,651.949,3.718,NA,NA,NA,NA,NA,NA,NA
GCDT_149,54.552,70.535,3.552,0.233,0.761,5.902,-0.99,1030.095,7.715,NA,NA,NA,NA,NA,NA,NA,NA,NA,54.572,75.302,2.979,0.27,0.928,7.946,7.595,641.385,3.267,66.676,167.917,2.933,76.981,NA,NA,NA
GCDT_150,36.636,58.811,2.932,0.191,0.486,10.666,-0.086,611.544,4.226,25.976,54.934,2.244,0.195,0.463,28.363,16.693,737.238,4.217,NA,NA,NA,NA,NA,14.262,NA,NA,NA,61.446,152.962,0.296,73.435,0.163,755.179,8.23
GCDT_151,55.385,74.47,2.748,0.328,0.886,21.719,-0.614,2194.976,18.905,43.677,71.337,3.074,0.248,0.746,39.801,109.24,1520.726,10.173,48.39,75.27,2.176,0.334,0.758,31.638,24.744,1424.462,8.441,NA,NA,NA,77.264,0.233,852.726,9.486
GCDT_152,48.456,66.876,2.43,0.282,0.733,23.214,NA,1845.778,16.074,34.993,63.033,1.985,0.272,0.555,59.636,9.822,2027.149,10.522,37.297,76.309,2.024,0.307,0.755,29.492,9.442,946.031,5.37,49.696,99.371,-0.846,71.497,NA,NA,NA
GCDT_153,43.613,68.431,2.855,0.259,0.716,25.265,-2.444,1508.305,13.338,NA,NA,2.539,NA,NA,72.915,40.473,NA,NA,20.521,43.465,1.419,0.192,0.347,30.25,22.809,403.571,2.726,57.646,87.609,-3.149,70.725,NA,NA,NA
GCDT_154,45.447,70.425,1.673,0.268,0.512,22.108,3.489,962.915,6.83,19.111,65.732,1.951,0.235,0.457,48.469,3.042,491.472,3.175,30.334,66.771,1.187,0.19,0.303,35.091,3.742,989.507,5.236,66.368,135.021,2.963,72.109,0.284,699.545,5.985
GCDT_155,47.335,73.721,2.756,0.16,0.373,12.313,NA,318.839,6.739,28.646,65.841,2.102,0.161,0.384,37.592,26.489,826.942,4.561,30.274,55.274,2.074,0.146,0.323,15.975,6.341,392.134,2.319,64.07,120.876,2.817,76.465,0.279,1409.755,13.404
GCDT_156,46.525,65.216,3.012,0.145,0.397,4.723,2.453,406.56,4.081,53.898,73.666,3.109,0.235,0.695,20.882,-1.125,1569.376,8.736,48.154,71.865,2.766,0.2,0.7,10.583,NA,855.228,6.351,67.082,86.407,0.805,75.706,NA,NA,NA
GCDT_157,57.914,74.965,4.308,0.244,1.061,10.883,-0.739,1097.378,9.393,53.943,78.339,4.406,0.274,1.192,20.513,2.556,1682.685,8.508,55.23,77.885,4.439,0.236,1.167,9.746,8.112,790.561,4.48,NA,NA,NA,NA,NA,NA,NA
GCDT_158,55.293,72.24,3.915,0.244,0.938,9.745,-1.556,1056.515,9.107,55.604,77.016,4.13,0.279,1.17,22.19,0.521,1682.659,9.569,55.044,75.543,2.767,0.254,0.853,17.454,7.328,1480.553,8.271,69.123,170.92,1.441,78.31,0.286,1389.745,14.871
GCDT_159,58.046,74.515,2.813,0.213,0.601,5.948,NA,874.277,6.245,47.77,71.514,2.031,0.329,0.594,57.407,1.977,2684.095,14.9,58.316,77.707,2.762,0.269,0.923,12.149,-10.017,1206.736,8.696,69.181,139.674,1.377,78.247,0.231,981.975,9.961
GCDT_160,52.224,68.849,2.733,0.223,0.575,6.832,6.571,497.097,3.735,51.105,66.616,2.695,0.295,0.758,15.191,3.325,1305.249,6.689,55.958,76.816,2.396,0.297,0.83,12.997,6.214,1243.944,8.046,NA,NA,NA,NA,NA,NA,NA
GCDT_161,56.182,70.829,3.005,0.166,0.514,4.344,1.814,359.44,3.597,49.9,72.025,2.245,0.26,0.526,23.231,3.243,1370.143,7.44,50.792,76.115,2.895,0.237,0.816,7.073,22.376,467.685,2.392,60.043,93.653,0.368,74.551,0.239,1009.248,10.125
GCDT_162,62.517,71.84,3.128,0.188,0.611,8.442,-2.18,655.241,5.667,51.723,74.211,3.168,0.181,0.597,17.795,3.692,801.893,4.376,NA,NA,2.693,NA,NA,26.487,NA,NA,NA,NA,NA,NA,NA,NA,NA,NA
GCDT_163,34.928,57.202,2.406,0.262,0.62,20.311,4.33,1004.428,6.887,NA,NA,NA,NA,NA,69.65,44.72,NA,NA,7.95,42.751,0.74,0.199,0.233,41.915,36.291,192.848,0.713,65.364,137.387,1.1,75.371,0.261,857.31,9.578
GCDT_164,35.216,61.215,1.421,0.251,0.373,9.484,5.169,151.405,2.716,32.374,75.566,2.034,0.314,0.667,32.894,15.254,807.832,3.978,49.643,77.604,3.055,0.28,1.019,16.872,-0.445,1089.0,7.131,65.843,129.939,0.932,74.609,NA,NA,NA
GCDT_165,26.586,53.332,1.981,0.217,0.382,11.413,-3.403,229.352,4.555,23.056,54.759,1.865,0.263,0.533,54.428,56.098,1275.284,6.881,16.418,59.285,2.049,0.276,0.616,48.277,31.919,277.055,2.024,62.521,89.622,-0.402,69.572,0.253,863.957,9.712
GCDT_166,11.855,48.909,NA,0.226,NA,8.376,1.636,-44.317,0.601,21.896,60.349,1.321,0.218,0.283,43.286,15.103,375.566,1.986,34.674,65.039,0.863,0.214,0.313,19.007,NA,610.396,3.62,NA,NA,NA,NA,NA,NA,NA
GCDT_167,27.451,44.288,1.843,0.132,0.248,4.499,6.186,167.533,1.028,NA,NA,NA,NA,NA,NA,NA,NA,NA,NA,NA,0.877,0.116,0.171,3.498,NA,179.803,0.68,NA,NA,NA,NA,NA,NA,NA
GCDT_168,40.877,58.327,1.585,0.209,0.369,10.711,13.201,609.313,4.531,16.127,42.658,1.478,0.187,0.296,35.8,68.048,460.382,2.779,17.474,43.147,1.039,0.142,0.246,17.178,18.838,411.81,2.052,63.943,133.402,0.953,78.621,0.258,1586.453,16.214
GCDT_169,48.259,67.855,2.023,0.232,0.42,24.359,-0.845,1600.08,14.436,35.451,62.104,1.421,0.281,0.387,42.674,22.149,1287.402,6.707,NA,NA,NA,NA,NA,NA,NA,NA,NA,62.594,87.853,3.584,77.413,NA,NA,NA
GCDT_170,53.803,71.506,2.847,0.213,0.54,15.694,-1.488,1504.245,13.122,32.388,60.976,1.755,0.217,0.403,15.323,29.742,507.471,2.943,NA,NA,2.686,0.237,0.789,5.407,10.127,811.245,5.784,66.065,64.073,0.754,77.202,0.264,841.31,9.55
GCDT_171,60.701,71.795,2.148,0.142,0.365,7.178,NA,390.29,2.231,32.443,53.349,1.931,0.119,0.223,7.961,19.503,237.829,0.81,46.292,68.669,1.922,0.139,0.328,1.624,2.243,267.75,1.182,NA,NA,NA,64.281,0.13,-76.641,-0.295
GCDT_172,48.678,67.457,1.585,0.251,0.39,24.978,2.334,1801.917,11.204,34.451,63.389,1.546,0.254,0.431,51.371,9.231,1932.377,10.872,45.307,72.186,1.933,0.258,0.538,26.59,2.066,1211.683,6.638,68.343,104.005,0.546,78.275,0.276,1217.491,11.65
GCDT_173,50.321,69.394,2.597,0.221,0.545,12.276,-3.16,910.722,8.008,53.502,74.348,2.519,0.251,0.612,34.977,7.536,2344.154,11.935,50.856,71.977,2.22,0.231,0.608,28.755,5.252,2029.458,11.943,65.552,104.509,0.812,75.796,NA,NA,NA
GCDT_174,40.404,67.738,2.531,0.149,0.273,7.545,0.106,329.918,1.703,NA,NA,NA,NA,NA,NA,NA,NA,NA,45.795,64.802,2.929,0.155,0.324,17.124,5.444,1042.652,12.673,NA,NA,NA,NA,NA,NA,NA
GCDT_175,33.457,58.95,1.85,0.137,0.294,13.089,0.639,458.689,4.267,35.504,55.597,1.785,0.157,0.301,24.44,8.736,837.858,10.659,21.425,51.83,1.34,0.129,0.261,8.367,8.736,225.67,1.339,67.593,85.776,0.267,75.592,0.233,854.401,8.222
GCDT_176,60.889,74.929,2.907,0.25,0.78,4.763,NA,887.121,7.493,44.59,73.999,2.641,0.241,0.637,24.577,-0.676,1221.224,6.432,47.374,70.919,2.309,0.24,0.642,16.909,7.485,975.53,5.373,62.157,146.785,0.562,75.836,0.255,981.601,11.035
GCDT_177,54.778,73.04,2.902,0.264,0.685,11.203,NA,1240.497,7.938,51.918,70.131,2.5,0.246,0.624,17.303,9.977,702.978,4.075,46.809,75.24,2.458,0.252,0.684,15.544,NA,683.67,3.551,64.945,77.122,1.141,74.894,0.283,1433.606,14.53
GCDT_178,62.567,73.205,2.89,0.279,0.801,6.953,-0.39,1182.662,10.646,52.666,73.081,2.017,0.338,0.575,22.27,6.838,1196.404,6.39,62.373,79.347,2.593,0.304,0.913,8.418,5.682,848.835,4.821,NA,NA,NA,78.106,0.294,1043.899,11.573
GCDT_179,29.417,56.633,1.015,0.213,0.191,12.116,1.651,193.79,2.196,18.968,67.627,1.69,0.283,0.469,38.387,2.447,480.216,2.773,33.694,60.586,1.623,0.216,0.442,45.841,28.71,1492.203,8.402,NA,NA,NA,NA,NA,NA,NA
GCDT_180,51.681,70.756,2.51,0.285,0.732,19.63,-1.41,1948.022,12.914,16.922,67.007,1.912,0.256,0.535,90.973,3.794,1193.734,5.921,46.539,69.708,2.439,0.255,0.648,25.236,NA,1384.585,7.107,52.661,148.745,0.164,69.985,NA,NA,NA
GCDT_181,61.198,79.503,3.158,0.169,0.484,8.4,NA,256.333,5.579,35.359,63.71,2.287,0.233,0.482,21.15,2.717,761.189,5.847,22.511,57.35,1.902,0.142,0.373,12.527,30.099,-45.692,-0.172,NA,NA,NA,80.422,0.255,1678.772,17.647
GCDT_182,46.242,63.87,2.463,0.184,0.486,10.436,5.041,721.461,6.509,NA,NA,1.953,0.186,0.397,NA,20.201,753.547,4.146,NA,NA,NA,NA,NA,23.463,5.723,NA,NA,68.044,232.865,2.619,74.117,0.255,1004.426,12.221
GCDT_183,41.017,62.721,2.938,0.164,0.356,3.893,-1.827,153.275,1.513,35.458,66.669,1.617,0.165,0.289,13.722,6.385,296.943,2.119,NA,NA,2.354,NA,NA,NA,19.98,NA,NA,NA,NA,NA,NA,NA,NA,NA
GCDT_184,61.316,75.82,4.769,0.229,1.026,13.04,0.366,2213.577,13.85,57.527,77.953,4.202,0.241,1.038,53.21,6.596,4145.37,19.744,NA,NA,NA,NA,NA,31.161,6.73,NA,NA,69.394,96.54,10.416,75.354,0.212,1230.497,14.023
GCDT_185,54.415,70.93,2.585,0.277,0.708,12.839,1.043,1434.728,13.04,43.893,71.332,2.583,0.272,0.768,24.844,19.763,1397.166,7.412,44.218,68.237,1.78,0.309,0.699,14.961,4.497,875.537,6.118,60.887,145.159,0.897,74.502,0.275,1230.019,13.075
GCDT_186,40.51,64.26,1.434,0.179,0.22,9.24,3.675,119.339,2.115,44.136,70.358,1.751,0.163,0.295,5.925,12.559,298.009,2.066,40.332,70.396,1.629,0.157,0.304,7.946,23.242,251.884,1.64,67.136,122.491,0.884,72.794,0.207,511.809,4.859
GCDT_187,64.039,76.613,3.419,0.256,0.83,3.597,NA,1069.516,9.023,66.713,81.671,4.491,0.238,1.069,18.573,NA,1885.305,10.774,64.114,83.383,3.756,0.26,1.075,19.104,14.765,2228.636,13.177,68.411,143.669,1.042,80.638,0.245,1329.141,14.19
GCDT_188,40.302,77.823,3.306,0.197,0.601,8.159,1.387,431.551,3.35,40.152,68.988,2.051,0.19,0.417,54.185,6.694,2081.559,9.911,50.644,70.096,1.733,0.204,0.448,25.189,10.73,1975.245,9.862,61.305,68.116,0.269,76.436,0.228,1537.503,14.337
GCDT_189,58.956,71.719,6.304,0.074,0.391,4.127,NA,576.909,5.535,59.267,72.155,3.411,0.141,0.476,6.81,2.107,236.28,1.509,47.97,72.0,2.883,0.153,0.472,11.196,5.809,410.469,1.833,NA,NA,NA,67.276,NA,NA,NA
GCDT_190,51.223,68.931,3.227,0.212,0.651,12.95,5.08,1041.889,10.544,47.046,67.082,2.697,0.2,0.534,36.979,10.833,2499.804,12.293,38.534,70.507,3.331,0.224,0.817,35.691,-8.918,1106.804,5.95,62.435,96.972,-0.09,75.863,0.254,908.059,9.059
GCDT_191,68.883,77.29,3.61,0.189,0.666,4.281,NA,1209.029,8.504,61.992,79.222,4.064,0.228,0.928,15.92,1.391,2238.172,12.568,67.126,80.596,3.721,0.212,0.911,18.839,-6.375,2651.162,14.816,72.041,61.604,1.073,79.532,0.201,1694.513,16.681
GCDT_192,33.448,60.361,3.15,0.151,0.398,12.5,1.983,225.775,2.129,51.355,71.566,3.233,0.181,0.607,16.437,3.712,712.676,4.276,39.261,66.715,1.975,0.216,0.479,16.292,13.33,639.841,3.674,67.653,164.182,0.859,76.136,0.246,1191.295,11.61
GCDT_193,60.155,72.051,2.851,0.252,0.76,9.954,-2.918,1627.34,10.557,28.06,59.98,1.411,0.301,0.506,72.362,38.6,2415.506,12.419,28.169,55.239,1.265,0.218,0.374,51.3,10.44,1265.704,7.334,57.454,78.911,1.184,73.09,NA,NA,NA
GCDT_194,52.977,71.173,2.313,0.307,0.72,10.32,-3.014,1009.382,9.756,53.084,73.76,2.921,0.341,0.995,31.648,-0.628,2410.032,12.157,38.108,67.57,1.949,0.313,0.75,27.496,4.168,967.632,5.263,56.923,116.734,1.096,75.908,0.262,1206.836,15.997
GCDT_195,58.104,73.775,2.69,0.246,0.656,9.169,-1.544,1017.551,6.772,30.729,63.488,2.214,0.269,0.606,44.62,9.673,1087.718,5.774,40.581,68.512,2.506,0.268,0.778,27.765,13.081,1302.51,7.914,NA,NA,NA,NA,NA,NA,NA
GCDT_196,51.027,72.171,3.053,0.189,0.509,9.665,-2.781,918.935,5.778,36.483,65.008,2.941,0.177,0.475,12.199,7.078,236.599,0.99,NA,NA,2.831,0.3,0.896,NA,6.008,1118.322,5.704,67.235,101.798,0.556,74.018,0.27,1441.269,15.092
GCDT_197,60.558,76.149,4.612,0.209,0.968,13.311,2.787,1739.271,9.891,53.72,73.831,4.091,0.207,0.861,33.25,7.061,2683.627,13.446,57.761,80.152,4.681,0.211,1.09,25.623,9.316,1910.799,9.404,68.843,206.864,5.788,77.89,0.208,945.976,8.847
GCDT_198,39.148,61.653,3.057,0.204,0.587,18.839,4.383,754.238,5.079,26.07,61.554,2.688,0.304,0.862,32.889,25.783,683.675,3.671,19.693,56.66,0.904,0.356,0.434,23.032,15.832,377.175,1.78,69.55,111.881,-0.091,77.691,0.259,1220.421,11.277
GCDT_199,45.979,67.631,3.417,0.179,0.602,12.705,-1.667,493.568,5.592,29.049,59.694,2.579,0.168,0.429,47.39,17.554,1889.058,9.081,NA,NA,NA,NA,NA,39.936,16.517,NA,NA,64.887,140.188,0.381,73.588,NA,NA,NA
GCDT_200,48.222,66.349,2.338,0.207,0.509,4.905,4.901,352.166,3.382,40.261,69.094,1.918,0.269,0.533,36.455,25.04,1537.234,12.053,46.291,75.061,1.945,0.251,0.515,16.22,NA,695.032,3.787,66.433,130.82,1.385,73.153,0.226,715.5,7.755
GCDT_201,50.001,69.8,3.333,0.187,0.625,8.609,-1.536,680.034,6.264,28.138,57.445,1.536,0.113,0.173,17.785,39.63,191.873,0.495,49.073,70.964,2.412,0.224,0.653,11.699,11.033,774.264,4.425,72.569,367.831,4.212,76.663,0.255,653.293,7.151
GCDT_202,61.711,72.784,4.283,0.189,0.75,4.979,-2.733,1099.768,8.106,53.943,71.454,4.006,0.202,0.771,20.192,4.042,1679.727,11.325,61.133,75.562,3.85,0.204,0.866,11.212,9.862,1509.073,11.681,74.291,302.05,3.304,77.017,0.208,992.789,10.959
GCDT_203,50.871,69.452,3.172,0.182,0.591,3.421,-1.052,332.023,4.646,31.315,61.889,3.356,0.153,0.541,39.543,2.573,1272.077,6.788,36.964,71.68,2.971,0.2,0.655,33.552,-1.157,1117.458,5.382,62.152,149.606,1.162,76.231,0.227,938.088,7.51
GCDT_204,NA,NA,NA,NA,NA,11.439,NA,NA,NA,29.84,61.924,1.632,0.162,0.277,27.809,4.654,693.366,3.734,29.96,71.555,1.993,0.197,0.489,21.806,NA,428.767,2.759,NA,NA,NA,NA,NA,NA,NA
GCDT_205,52.486,67.741,2.637,0.23,0.492,14.548,-1.903,2030.344,17.619,49.361,70.591,2.27,0.238,0.531,60.157,6.11,3570.873,17.593,50.079,71.266,1.653,0.232,0.54,36.255,8.237,2511.816,14.671,69.416,33.917,1.089,76.204,0.24,1000.994,11.155
GCDT_206,NA,NA,NA,NA,NA,8.874,NA,NA,NA,4.267,39.737,1.493,0.113,0.193,40.247,11.264,181.581,0.49,9.986,55.845,1.245,0.17,0.284,44.116,18.018,221.629,1.161,65.944,27.397,2.562,74.212,0.281,1027.543,9.715
GCDT_207,NA,NA,NA,NA,NA,2.785,NA,NA,NA,NA,NA,NA,NA,NA,14.449,NA,1228.426,6.542,NA,NA,NA,NA,NA,19.339,NA,NA,NA,NA,NA,NA,NA,NA,NA,NA
GCDT_208,25.587,58.817,1.152,0.179,0.208,6.746,0.334,2.439,1.175,46.272,69.873,2.218,0.221,0.481,25.459,7.821,1630.72,8.148,19.284,61.617,0.986,0.19,0.226,17.006,27.16,65.323,0.983,69.232,83.906,1.825,78.021,0.23,1277.026,13.776
GCDT_209,26.881,59.004,1.828,0.196,0.261,15.084,-0.187,303.534,3.317,19.064,56.258,1.589,0.171,0.263,36.391,4.726,515.576,2.702,18.183,59.498,0.912,0.248,0.298,31.622,-4.454,235.499,1.141,NA,NA,NA,NA,NA,NA,NA
GCDT_210,69.644,81.508,4.107,0.241,0.942,11.867,NA,2324.996,14.746,NA,NA,NA,NA,NA,26.608,17.753,NA,NA,65.61,70.997,3.134,0.24,0.85,5.518,2.658,1156.897,6.403,NA,NA,NA,NA,NA,NA,NA
GCDT_211,67.239,80.617,3.237,0.241,0.816,6.762,NA,1320.572,11.673,58.145,80.627,3.018,0.236,0.73,24.345,20.816,1598.512,8.222,65.824,83.856,3.25,0.257,0.94,11.748,1.672,1440.188,7.953,77.881,453.838,6.159,82.022,0.225,1625.725,16.091
GCDT_212,64.168,77.113,2.802,0.23,0.633,4.633,-0.824,1377.332,12.492,44.409,84.573,2.132,0.373,0.795,31.035,-1.469,1263.006,6.808,NA,NA,NA,NA,NA,23.288,29.221,NA,NA,71.776,169.388,1.841,77.91,0.217,1225.973,12.992
GCDT_213,34.831,64.888,2.063,0.208,0.373,11.564,3.95,377.603,3.885,40.535,72.355,1.709,0.251,0.433,29.222,20.513,1034.41,5.764,53.75,70.096,NA,NA,0.593,20.318,-8.582,1835.225,10.639,73.085,64.3,2.305,74.357,0.251,336.348,5.454
GCDT_214,39.812,75.273,4.287,0.189,0.789,16.641,-0.413,581.976,5.632,22.826,57.536,2.549,0.245,0.636,61.043,85.559,1206.477,7.075,48.716,81.113,2.355,0.272,0.726,24.06,8.405,1314.1,7.382,NA,NA,NA,NA,NA,NA,NA
GCDT_215,45.069,69.23,2.936,0.217,0.579,17.614,6.268,995.447,6.567,48.181,81.691,3.726,0.32,1.078,32.18,NA,1080.672,6.193,33.002,71.1,2.172,0.259,0.639,44.661,NA,1129.31,6.589,NA,NA,NA,78.019,0.233,944.232,9.389
GCDT_216,53.9,68.92,3.202,0.214,0.598,4.524,-1.182,727.063,4.479,37.767,71.018,2.329,0.197,0.462,36.335,10.441,1365.797,6.964,50.103,71.744,2.688,0.245,0.734,20.082,14.378,1500.968,11.722,NA,NA,NA,NA,NA,NA,NA
GCDT_217,72.741,78.582,4.421,0.188,0.892,9.484,0.165,2265.004,15.48,49.213,76.163,2.706,0.217,0.6,18.715,10.167,1248.112,6.461,51.912,75.065,2.807,0.236,0.674,20.901,-0.282,1361.103,7.038,67.44,109.837,-0.892,78.064,0.226,1537.273,16.094
GCDT_218,54.874,68.91,2.849,0.189,0.448,0.376,1.444,345.582,2.555,60.11,77.212,3.287,0.177,0.624,13.079,14.04,771.589,4.13,60.822,72.942,2.89,0.191,0.587,2.479,5.736,532.929,2.908,60.881,252.46,2.419,74.965,0.217,1168.487,14.656
GCDT_219,37.16,60.309,2.761,0.205,0.538,22.274,4.642,1028.858,7.161,NA,NA,NA,NA,NA,17.229,13.984,NA,NA,21.403,63.186,2.199,0.221,0.583,21.982,7.608,358.211,1.596,NA,NA,NA,76.509,0.238,945.795,9.77
GCDT_220,44.603,67.59,2.473,0.239,0.622,12.788,-0.818,904.706,6.679,12.29,44.824,1.675,0.201,0.312,38.687,22.912,168.044,1.25,8.203,42.222,1.67,0.153,0.297,30.349,25.77,-10.274,0.212,57.421,45.715,0.636,75.881,NA,NA,NA
GCDT_221,52.869,68.56,3.577,0.178,0.544,2.894,-0.109,497.125,5.342,50.282,73.817,3.268,0.186,0.638,21.709,6.923,2186.497,10.575,41.028,73.853,2.244,0.178,0.43,15.235,-1.401,368.82,1.704,NA,NA,NA,75.618,0.218,1642.327,15.775
GCDT_222,32.143,61.121,1.932,0.216,0.414,9.769,3.392,104.548,2.033,16.217,57.22,2.319,0.338,0.711,74.855,93.177,632.116,2.323,45.678,75.415,3.479,0.278,1.121,17.983,25.045,971.639,5.582,63.182,167.125,0.762,75.795,0.245,1261.415,13.365
GCDT_223,53.692,70.898,3.275,0.237,0.789,7.325,-1.402,1080.016,10.207,54.72,70.932,2.937,0.242,0.741,11.227,NA,1366.252,6.67,NA,NA,NA,NA,NA,38.417,2.16,NA,NA,NA,NA,NA,NA,NA,NA,NA
GCDT_224,51.713,68.685,3.566,0.23,0.762,6.945,-0.632,752.583,6.465,51.718,70.275,2.838,0.23,0.663,10.887,6.544,1036.591,5.707,45.304,70.639,2.398,0.22,0.605,9.517,15.082,537.176,2.733,63.149,131.518,1.219,75.461,0.261,895.476,8.501
GCDT_225,48.831,66.853,2.442,0.238,0.578,11.018,-1.209,1009.796,6.76,24.962,63.315,2.089,0.258,0.496,29.181,21.143,423.295,2.144,39.107,62.249,1.549,0.257,0.532,17.532,-9.621,759.817,3.962,NA,NA,NA,72.224,0.272,774.074,9.094
GCDT_226,46.397,66.356,2.99,0.192,0.562,10.277,0.297,678.388,5.69,21.173,58.608,2.379,0.164,0.398,35.163,6.197,760.854,4.055,35.466,71.471,2.625,0.248,0.731,20.56,NA,363.493,1.733,NA,NA,NA,72.521,0.266,727.021,4.749
GCDT_227,64.498,77.142,3.474,0.242,0.859,5.547,-2.286,704.535,6.746,56.448,79.169,3.769,0.227,0.857,8.923,5.538,810.714,4.25,59.789,79.851,3.296,0.295,0.927,6.77,-1.551,674.272,6.121,63.919,157.105,0.692,75.941,0.238,1173.517,12.356
GCDT_228,39.778,65.711,2.448,0.191,0.435,12.961,-3.384,352.731,2.866,NA,NA,NA,NA,NA,7.302,NA,NA,NA,40.217,67.974,2.111,0.168,0.442,17.076,1.305,795.011,4.173,NA,NA,NA,NA,NA,NA,NA
GCDT_229,44.004,63.842,1.044,0.216,0.204,5.475,0.156,420.417,3.239,13.08,71.313,1.906,0.159,0.313,33.248,75.397,288.916,0.955,49.587,69.933,1.757,0.179,0.421,12.039,4.091,745.71,3.614,NA,NA,NA,NA,NA,NA,NA
GCDT_230,69.224,78.489,3.167,0.21,0.629,-0.047,-1.698,697.116,6.428,62.618,80.362,3.103,0.166,0.527,9.642,6.436,723.866,4.09,67.379,81.533,2.591,0.196,0.57,2.006,3.031,671.191,4.005,74.986,473.997,4.991,80.839,0.22,1162.793,11.753
GCDT_231,22.633,71.174,1.79,0.168,0.206,4.916,NA,72.093,0.029,8.79,55.884,0.776,0.167,0.142,16.903,45.961,-34.43,-0.954,NA,NA,NA,NA,NA,8.508,4.981,NA,NA,64.871,128.765,0.769,77.734,0.228,1076.858,10.082
GCDT_232,67.817,81.161,3.339,0.157,0.478,7.115,NA,482.907,4.916,21.843,76.453,3.906,0.158,0.601,30.672,3.355,482.246,2.781,27.875,53.116,2.857,0.124,0.384,17.491,NA,548.303,3.77,NA,NA,NA,NA,NA,NA,NA
GCDT_233,33.428,61.342,2.085,0.167,0.304,4.761,-1.379,32.894,2.164,23.952,69.767,1.432,0.216,0.328,14.652,NA,249.562,0.939,NA,NA,NA,NA,NA,NA,NA,NA,NA,NA,NA,NA,NA,NA,NA,NA
GCDT_234,21.537,56.557,1.642,0.138,0.248,5.018,-1.42,74.238,1.439,39.889,75.929,1.637,0.196,0.351,13.675,NA,625.446,3.526,54.253,78.501,2.314,0.216,0.584,15.011,NA,880.389,4.57,NA,NA,NA,80.323,NA,NA,NA
GCDT_235,51.131,67.414,2.392,0.117,0.203,0.964,-3.645,226.749,3.322,57.601,72.702,2.765,0.119,0.338,6.723,-0.449,802.556,4.715,60.022,71.699,2.042,0.114,0.262,1.652,-4.776,225.351,1.242,NA,NA,NA,NA,NA,NA,NA
GCDT_236,55.627,68.916,2.275,0.116,0.192,0.33,-1.772,21.426,1.451,59.522,73.268,2.316,0.132,0.316,8.275,4.415,555.703,4.194,54.161,79.604,2.534,0.127,0.411,4.884,3.443,439.478,2.234,75.126,62.771,12.262,73.062,0.147,769.764,8.542
GCDT_237,51.339,67.39,2.082,0.14,0.332,-2.905,-1.984,-18.351,1.386,48.315,71.609,2.465,0.126,0.339,12.626,8.17,350.953,1.951,43.631,67.253,1.775,0.107,0.255,-1.033,2.019,307.981,2.737,72.531,207.834,5.333,73.273,0.256,1026.094,5.799
GCDT_238,50.925,74.486,2.367,0.327,0.777,24.367,-1.533,1697.647,11.094,42.641,76.522,1.934,0.324,0.605,29.131,NA,1242.17,6.642,45.989,75.172,2.12,0.262,0.669,32.683,-5.687,1493.387,7.854,71.533,215.738,2.331,78.293,0.266,1297.983,11.866
GCDT_239,59.242,68.728,1.798,0.201,0.397,6.759,-0.877,1413.065,12.018,58.113,75.187,2.264,0.204,0.462,7.459,5.11,957.3,5.465,64.678,79.031,2.136,0.193,0.492,8.738,0.396,1370.754,7.735,NA,NA,NA,NA,NA,NA,NA
GCDT_240,46.196,73.493,3.54,0.246,0.808,24.255,NA,1758.453,11.141,57.619,73.685,2.608,0.274,0.722,31.338,4.644,3088.817,16.807,49.351,76.138,2.787,0.302,1.017,41.121,18.057,2873.924,16.808,69.778,94.782,-0.613,76.74,0.275,1103.253,10.199
GCDT_241,59.333,73.49,3.342,0.236,0.799,7.236,-0.863,961.933,8.852,45.933,67.108,1.868,0.249,0.454,12.881,42.875,676.062,3.873,52.19,71.513,2.113,0.205,0.526,12.851,1.64,1184.04,6.726,63.402,89.94,0.929,78.04,0.282,1234.24,13.619
GCDT_242,72.342,78.258,3.909,0.213,0.849,3.472,-0.026,1512.485,10.525,NA,NA,2.968,0.135,0.413,NA,47.367,609.438,3.051,68.657,81.831,2.858,0.235,0.748,8.855,29.379,1198.18,6.382,NA,NA,NA,NA,NA,NA,NA
GCDT_243,68.923,76.876,3.823,0.202,0.777,-0.485,-2.297,422.785,3.624,67.859,81.769,2.94,0.185,0.57,-18.134,-1.712,104.778,1.403,62.512,74.607,3.071,0.205,0.707,5.28,11.12,657.164,3.388,73.909,575.406,4.766,78.78,0.191,1136.726,13.731
GCDT_244,61.289,73.108,3.114,0.179,0.596,5.851,NA,654.723,6.275,59.277,78.137,2.754,0.151,0.465,-4.094,0.936,661.32,3.868,NA,NA,NA,NA,NA,10.759,NA,NA,NA,68.558,142.907,1.538,80.281,0.188,1680.073,16.07
GCDT_245,52.999,68.495,4.025,0.117,0.444,5.352,0.86,699.302,5.547,48.532,67.187,3.111,0.103,0.366,14.236,3.178,1198.207,6.228,NA,NA,NA,NA,NA,10.436,30.399,NA,NA,60.043,4.988,0.507,72.611,0.163,1132.837,13.14
GCDT_246,43.837,62.08,2.216,0.196,0.363,8.204,-2.712,475.348,4.889,5.982,31.996,1.047,0.245,0.251,89.994,243.158,683.443,3.464,NA,NA,NA,NA,NA,27.832,60.608,NA,NA,NA,NA,NA,70.523,0.295,945.557,11.234
GCDT_247,54.734,71.667,3.315,0.145,0.426,4.88,-1.334,604.938,4.283,48.458,70.985,2.647,0.16,0.442,19.604,-4.396,1469.212,7.764,54.558,78.21,2.64,0.198,0.549,15.395,NA,937.748,4.832,74.004,114.805,1.228,75.119,0.234,1015.833,10.747
GCDT_248,50.63,62.727,2.252,0.128,0.253,6.437,-0.874,720.712,6.841,53.42,76.511,3.346,0.132,0.401,11.222,6.448,575.776,2.718,45.198,63.449,2.687,0.08,0.323,2.332,NA,387.037,1.859,58.97,97.915,-0.05,77.835,0.195,1192.568,8.42
GCDT_249,73.278,80.988,3.802,0.177,0.668,3.056,NA,1379.798,9.051,61.743,78.734,4.045,0.185,0.707,13.062,15.109,1447.054,7.828,62.82,79.123,3.685,0.177,0.708,6.42,7.775,734.965,4.433,71.26,177.672,2.336,80.884,0.184,1474.155,14.85
GCDT_250,64.06,75.746,3.973,0.199,0.824,5.91,-1.926,1336.912,7.001,53.229,71.708,2.584,0.22,0.57,21.843,-0.78,2017.589,9.743,NA,NA,NA,NA,NA,25.208,3.457,NA,NA,69.905,188.398,3.295,77.859,0.251,1223.322,11.947
GCDT_251,59.356,73.592,3.655,0.123,0.37,1.53,-1.174,793.089,6.95,57.609,78.105,3.508,0.114,0.42,-0.824,1.416,573.35,3.34,56.428,76.308,2.605,0.155,0.426,7.195,0.597,638.146,3.739,73.342,53.854,0.614,78.658,0.171,959.187,8.245
GCDT_252,69.307,76.513,3.363,0.173,0.568,5.171,-1.192,1316.362,8.873,67.913,79.806,3.172,0.177,0.584,11.286,NA,1316.04,7.322,33.219,74.305,2.305,0.17,0.512,15.094,-0.181,667.508,3.538,76.589,276.969,2.914,79.402,0.177,907.182,11.578
GCDT_253,54.553,71.399,3.315,0.213,0.701,15.516,NA,1901.149,16.667,51.056,71.487,3.571,0.179,0.634,24.14,3.168,2072.333,10.517,36.322,78.036,3.096,0.219,0.784,29.234,NA,967.064,5.322,73.467,268.817,3.733,78.397,0.233,1851.041,18.162
GCDT_254,58.973,74.924,2.976,0.206,0.655,5.838,1.58,820.24,6.743,58.708,75.523,2.99,0.21,0.622,2.589,10.442,671.82,4.189,57.139,77.561,2.425,0.167,0.469,7.767,0.478,848.41,4.636,64.543,247.499,2.986,76.542,0.221,1116.064,11.936
GCDT_255,60.937,78.267,3.476,0.218,0.704,9.906,NA,1327.196,14.038,54.815,69.873,2.93,0.221,0.639,10.448,-0.652,942.996,5.39,50.252,68.859,1.852,0.23,0.58,7.798,12.646,857.636,4.624,71.598,146.786,1.17,77.831,0.228,1631.847,18.968
GCDT_256,57.305,73.769,2.96,0.245,0.682,15.413,0.845,1524.453,9.321,NA,NA,NA,NA,NA,8.544,NA,NA,NA,54.173,77.255,3.512,0.182,0.697,14.989,7.372,981.486,4.718,76.677,156.812,2.831,79.535,0.236,1267.283,15.09
GCDT_257,55.543,70.668,1.439,0.257,0.377,3.822,-2.686,784.895,5.206,58.385,78.984,2.477,0.239,0.565,8.249,6.571,812.18,4.269,47.161,71.213,2.412,0.255,0.685,14.056,125.479,649.441,3.413,NA,NA,NA,NA,NA,NA,NA
GCDT_258,71.909,77.824,2.897,0.212,0.631,4.127,NA,967.053,6.876,59.876,78.504,3.842,0.147,0.491,5.534,-2.368,918.141,4.857,70.74,83.78,2.831,0.231,0.753,2.046,2.032,872.549,5.329,72.588,251.521,2.445,79.469,0.215,1382.761,14.457
GCDT_259,54.019,70.999,3.35,0.209,0.645,7.745,-0.646,893.286,8.319,59.393,79.634,3.558,0.248,0.857,20.493,-1.864,2176.965,11.187,52.713,75.857,2.896,0.248,0.78,20.342,-0.246,1483.377,7.54,NA,NA,NA,NA,NA,NA,NA
GCDT_260,62.105,73.816,3.549,0.235,0.772,8.328,-2.078,1696.342,10.705,51.65,77.353,3.694,0.21,0.771,54.451,15.793,2911.581,17.548,66.599,80.168,3.559,0.236,0.959,18.744,3.928,2498.709,13.72,73.208,146.338,2.383,81.572,0.241,1592.289,16.504
GCDT_261,70.879,78.783,3.134,0.224,0.746,3.221,NA,817.529,7.648,55.057,73.232,3.231,0.187,0.583,18.903,4.178,1413.078,8.307,NA,NA,NA,NA,NA,28.926,NA,NA,NA,71.323,159.876,2.283,79.235,0.262,1391.578,14.624
GCDT_262,68.019,80.365,3.636,0.179,0.624,6.988,NA,419.97,3.979,48.372,69.75,3.59,0.201,0.731,18.087,7.155,1414.237,7.512,63.636,79.671,3.771,0.219,0.933,9.828,NA,1260.908,7.101,66.312,211.275,2.968,77.757,0.231,1562.833,16.382
GCDT_263,48.891,67.713,2.728,0.163,0.445,5.256,-0.086,239.864,2.352,34.799,72.221,1.852,0.177,0.344,28.057,NA,742.133,3.951,52.785,76.13,2.585,0.16,0.473,17.313,-0.218,1175.731,6.095,72.117,125.851,2.242,81.707,0.228,1271.398,15.24
GCDT_264,32.822,51.622,0.517,0.205,0.156,4.543,9.943,62.901,1.492,32.497,71.847,1.984,0.177,0.357,23.675,13.735,855.874,4.32,33.135,68.073,1.079,0.22,0.344,17.129,11.284,526.33,2.604,NA,NA,NA,77.301,0.231,1097.693,11.927
GCDT_265,67.138,75.96,3.405,0.149,0.423,-0.921,2.538,1029.748,6.611,71.211,80.18,3.49,0.206,0.632,5.416,0.65,1461.64,7.364,71.121,82.359,2.647,0.202,0.552,7.635,NA,1433.705,7.559,NA,NA,NA,80.52,0.191,1293.802,13.238
GCDT_266,60.561,71.656,2.206,0.17,0.309,-0.616,-1.88,382.104,4.221,60.862,80.66,2.273,0.24,0.56,14.379,9.776,1788.291,8.742,64.403,80.6,2.619,0.24,0.771,10.911,19.459,1411.109,7.759,75.587,304.802,4.676,79.543,0.213,764.485,7.418
GCDT_267,53.226,74.246,3.082,0.178,0.616,14.834,10.585,1023.69,4.428,51.735,75.641,2.869,0.204,0.575,25.02,41.225,1593.663,9.087,NA,NA,NA,NA,NA,NA,NA,NA,NA,67.212,118.079,1.544,81.052,0.206,1145.004,11.861
GCDT_268,24.575,55.801,1.112,0.125,0.087,12.615,-0.345,170.049,2.182,44.13,72.968,1.93,0.153,0.335,20.041,9.896,899.096,4.993,NA,NA,NA,NA,NA,23.687,NA,NA,NA,72.034,138.615,2.78,79.237,0.217,527.321,6.076
GCDT_269,79.008,87.087,3.43,0.141,0.535,5.039,NA,639.227,5.014,71.195,84.041,2.668,0.174,0.455,3.286,2.2,934.474,4.636,67.208,82.938,2.989,0.186,0.672,6.781,4.249,940.621,5.573,71.011,29.502,0.696,82.44,0.17,1397.83,11.934
GCDT_270,56.865,70.278,3.77,0.152,0.598,4.114,6.646,738.772,5.768,47.825,76.115,3.178,0.259,0.801,16.898,7.553,879.289,4.967,35.079,79.501,2.703,0.275,0.878,38.315,NA,1014.326,5.088,71.808,275.619,3.729,77.326,0.231,1204.131,12.309
GCDT_271,34.271,54.864,2.737,0.098,0.301,-0.176,2.411,-231.601,-0.553,50.11,73.906,2.651,0.211,0.583,8.806,4.164,807.281,4.517,41.515,76.217,2.069,0.197,0.455,12.64,NA,375.951,2.454,NA,NA,NA,NA,NA,NA,NA
GCDT_272,53.634,69.852,2.981,0.292,0.896,14.485,-0.934,1039.064,9.069,33.286,74.524,2.679,0.242,0.679,24.029,5.73,720.963,3.665,25.03,71.631,2.309,0.26,0.734,43.06,6.951,846.379,4.456,NA,NA,NA,NA,NA,NA,NA
GCDT_273,59.406,73.697,3.983,0.133,0.5,3.797,1.638,554.22,5.408,47.03,80.974,3.748,0.207,0.714,25.554,13.171,1073.117,5.821,NA,NA,NA,NA,NA,38.431,NA,NA,NA,70.181,150.905,1.181,80.653,0.211,1357.091,15.548
GCDT_274,37.622,60.139,2.638,0.132,0.248,9.443,-2.095,223.923,2.473,41.526,78.421,3.399,0.233,0.803,38.996,52.182,469.124,2.516,34.163,75.793,3.137,0.252,0.882,25.132,9.331,666.17,3.675,66.892,140.79,0.69,78.888,0.26,1364.203,15.558
GCDT_275,61.382,73.741,2.845,0.214,0.523,5.426,-1.022,685.788,7.275,53.19,75.4,2.549,0.255,0.645,22.491,-4.108,2289.953,11.818,57.181,74.48,2.038,0.238,0.682,23.246,-1.804,2678.629,20.727,NA,NA,NA,NA,NA,NA,NA
GCDT_276,59.298,71.301,3.992,0.137,0.556,2.066,8.064,958.196,3.824,57.956,76.839,2.752,0.227,0.615,13.722,-1.774,2057.259,10.302,60.29,78.728,2.716,0.218,0.684,13.236,5.125,1355.039,6.653,64.31,122.961,1.177,80.481,0.211,1006.541,10.855
GCDT_277,35.179,52.295,2.079,0.092,0.217,-0.905,-0.837,-45.345,0.105,63.823,79.871,2.273,0.162,0.31,-1.706,-0.864,248.422,1.61,59.559,74.919,2.826,0.163,0.519,7.428,-1.34,551.318,2.961,64.307,99.092,0.327,79.474,0.224,866.207,10.615
GCDT_278,26.938,47.569,3.434,0.074,0.215,0.081,2.407,46.657,0.603,NA,NA,NA,NA,NA,NA,NA,NA,NA,37.329,55.942,1.117,0.126,0.169,4.74,2.909,311.498,1.608,68.185,129.241,0.302,69.202,0.131,238.748,3.098
GCDT_279,36.57,57.237,2.376,0.099,0.165,1.269,1.963,13.634,0.692,14.728,43.916,1.581,0.091,0.156,-1.588,-3.162,160.345,1.002,41.059,67.051,1.813,0.111,0.263,3.044,-2.433,199.751,1.74,NA,NA,NA,NA,NA,NA,NA
GCDT_280,67.692,76.964,4.445,0.204,0.868,4.939,0.19,1168.702,9.214,59.02,80.968,3.159,0.239,0.748,12.686,0.665,1491.671,7.621,57.587,80.108,3.429,0.261,0.959,13.833,31.504,1204.891,6.064,70.432,175.268,2.499,80.767,0.223,928.87,8.978
GCDT_281,57.774,75.571,6.319,0.119,0.704,-1.105,4.692,410.212,4.582,59.236,81.02,3.401,0.259,0.927,21.639,7.515,2348.433,13.22,51.366,77.135,2.685,0.269,0.872,22.318,12.061,1474.612,7.985,66.193,86.915,0.572,80.143,0.254,1344.348,13.746
GCDT_282,NA,NA,NA,NA,NA,-0.735,0.931,NA,NA,55.054,72.701,2.664,0.203,0.524,10.23,-3.737,982.712,5.142,52.762,68.868,2.297,0.162,0.406,9.941,-0.776,794.578,4.425,NA,NA,NA,75.806,0.206,639.273,7.471
GCDT_283,48.439,67.43,3.027,0.161,0.481,5.857,1.955,352.316,4.0,45.346,78.798,2.827,0.26,0.763,22.93,1.803,1125.526,5.817,22.769,81.92,3.403,0.229,0.858,29.109,-1.42,517.051,2.516,71.812,184.807,3.972,81.111,0.227,1465.31,15.835
GCDT_284,60.799,78.479,3.594,0.211,0.772,4.877,1.121,863.942,8.181,58.465,79.435,3.719,0.27,0.949,12.723,4.69,1151.25,6.021,58.096,77.268,3.28,0.21,0.737,11.534,13.848,1142.088,5.748,66.966,123.326,-0.318,80.342,0.26,1139.201,14.776
GCDT_285,53.155,69.74,3.001,0.213,0.681,9.626,NA,937.744,6.248,53.424,73.515,3.125,0.208,0.633,13.567,8.206,805.324,4.389,53.966,71.356,2.075,0.212,0.491,8.049,0.7,685.702,3.643,66.677,140.98,1.138,76.81,0.212,1344.683,12.633
GCDT_286,63.637,74.755,3.624,0.263,0.882,8.205,NA,969.758,6.08,56.584,78.7,3.769,0.213,0.813,7.753,NA,1081.181,5.807,59.066,76.29,3.039,0.246,0.82,17.445,18.381,1551.209,8.752,70.069,193.44,2.347,80.045,0.238,1258.006,15.311
GCDT_287,67.533,77.678,4.306,0.239,1.017,10.364,-0.572,2756.151,17.575,64.655,81.759,4.3,0.207,0.864,12.013,5.0,1990.212,10.993,62.54,82.898,3.958,0.24,1.03,12.957,9.139,1390.392,7.607,74.902,133.443,13.541,82.422,0.23,1798.227,17.963
GCDT_288,71.652,81.712,3.542,0.14,0.517,-0.807,-1.547,547.402,4.812,59.598,73.81,2.908,0.17,0.441,10.792,3.72,1385.965,8.382,66.151,81.882,3.407,0.171,0.656,8.393,10.312,1285.322,7.249,NA,NA,NA,NA,NA,NA,NA
GCDT_289,65.533,75.599,2.926,0.166,0.476,5.308,-1.384,1188.903,7.94,66.613,77.088,3.556,0.183,0.574,9.188,0.426,1714.95,8.705,61.81,79.193,3.026,0.19,0.588,13.068,8.656,1253.444,6.976,NA,NA,NA,NA,NA,NA,NA
GCDT_290,49.737,66.684,1.57,0.409,0.668,13.01,1.217,1026.304,7.342,54.11,74.908,3.414,0.274,0.926,27.572,7.8,2260.556,11.427,43.455,71.127,3.822,0.225,0.917,34.564,4.8,1400.785,7.405,66.238,137.278,0.802,74.646,NA,NA,NA
GCDT_291,65.032,77.436,4.107,0.208,0.859,3.061,-0.534,911.42,8.584,61.749,82.848,4.554,0.219,0.954,12.647,9.27,982.188,5.14,57.806,77.286,3.156,0.236,0.823,14.372,NA,1294.695,7.28,66.617,136.126,1.262,75.329,0.281,1631.446,18.104
GCDT_292,58.74,71.395,4.161,0.218,0.86,10.002,-0.358,1442.505,9.999,57.027,73.018,3.942,0.273,1.088,18.676,1.952,1968.186,10.152,54.618,75.443,3.146,0.258,0.83,17.961,-2.946,1316.722,6.927,68.779,233.314,2.94,76.938,0.273,1324.003,12.835
GCDT_293,56.014,72.913,4.339,0.216,0.889,10.815,NA,1107.027,7.062,41.549,62.807,3.606,0.257,0.882,33.788,7.054,1497.312,8.391,32.408,63.054,2.872,0.194,0.637,26.085,55.105,921.408,5.158,63.377,149.835,1.145,72.756,NA,NA,NA
GCDT_294,29.08,63.264,2.024,0.207,0.403,20.244,-0.911,385.595,2.97,41.647,70.517,3.176,0.25,0.754,23.872,53.261,1034.831,5.517,54.001,77.374,2.844,0.28,0.979,21.069,19.377,1568.463,8.559,NA,NA,NA,77.908,NA,NA,NA
GCDT_295,58.865,73.053,2.582,0.252,0.591,5.114,1.672,727.526,7.66,42.742,71.298,2.82,0.14,0.392,-7.526,-0.895,75.413,1.132,56.645,70.733,2.853,0.166,0.502,11.797,4.897,1086.611,5.551,68.239,67.888,0.022,78.197,0.216,1088.92,11.22
GCDT_296,66.959,78.912,4.633,0.207,0.894,4.11,-3.134,477.924,4.331,63.831,80.367,3.9,0.246,0.988,12.043,0.809,1852.265,9.419,62.781,82.996,3.047,0.275,0.973,13.182,2.012,1102.533,5.605,74.382,175.742,1.673,82.002,0.24,1571.663,15.997
GCDT_297,52.368,72.127,2.698,0.254,0.764,19.93,7.147,1271.974,6.992,37.466,73.49,2.693,0.257,0.669,14.06,7.475,379.566,2.404,41.029,75.483,2.345,0.314,0.856,25.552,8.593,872.775,4.906,NA,NA,NA,NA,NA,NA,NA
GCDT_298,49.22,68.687,2.339,0.148,0.295,-0.768,NA,-88.859,0.865,50.035,73.873,2.436,0.197,0.491,7.198,7.464,390.353,2.139,57.845,75.047,2.178,0.219,0.548,2.99,6.874,486.674,3.18,74.282,106.72,0.401,76.783,0.257,98.814,4.058
GCDT_299,37.517,66.744,3.215,0.159,0.414,8.677,-0.677,380.735,2.353,29.647,68.485,3.345,0.144,0.485,40.88,14.233,850.488,4.088,48.946,68.108,3.213,0.141,0.529,14.948,NA,1045.168,5.628,NA,NA,NA,NA,NA,NA,NA
GCDT_300,56.946,72.188,3.428,0.196,0.655,10.272,-2.687,1202.338,12.027,47.483,71.255,3.306,0.175,0.593,18.407,3.362,1292.014,6.842,NA,NA,NA,NA,NA,15.338,NA,NA,NA,NA,NA,NA,77.059,0.238,1301.778,13.445
GCDT_301,31.554,58.773,2.969,0.118,0.267,7.598,-0.692,255.764,2.135,NA,NA,NA,NA,NA,NA,NA,NA,NA,44.491,67.674,3.149,0.169,0.401,7.919,5.789,425.166,4.685,71.533,264.838,2.618,77.746,0.255,1138.496,11.197
GCDT_302,36.345,52.657,2.481,0.098,0.209,1.888,0.075,181.072,2.58,21.874,53.812,2.441,0.108,0.286,19.192,13.556,301.827,1.445,33.832,59.584,1.899,0.134,0.303,16.434,11.412,639.815,3.351,75.336,253.294,2.219,79.278,0.264,1571.552,16.669
ICTA_LIGERO,74.257,79.823,3.165,0.202,0.631,-1.297,-0.496,563.075,5.503,68.224,83.356,2.966,0.183,0.553,11.174,7.372,530.072,2.943,67.21,80.731,2.367,0.208,0.597,7.49,4.948,929.432,4.948,74.321,315.796,3.523,81.263,0.192,1431.832,16.156
ROJO_SEDA,58.131,72.631,3.498,0.188,0.631,4.109,9.288,800.756,5.572,70.417,81.177,5.185,0.23,1.184,25.942,6.607,3789.075,22.219,64.264,80.214,3.621,0.202,0.861,10.935,5.261,1558.104,8.766,NA,NA,NA,NA,NA,NA,NA
SEF_010,67.188,78.48,4.496,0.197,0.846,5.405,-1.037,1110.204,10.709,57.243,79.179,4.117,0.226,0.908,20.229,6.717,1372.914,10.782,60.073,80.044,3.403,0.229,0.858,9.072,10.732,1041.514,5.691,70.586,210.412,2.608,80.942,0.243,1118.445,15.096
SEF_060,63.469,75.915,4.078,0.217,0.845,6.183,-2.238,1023.488,6.614,52.421,70.371,2.779,0.194,0.543,17.958,5.83,1279.694,6.884,53.852,73.403,3.307,0.211,0.802,11.268,3.63,947.939,5.141,74.203,365.977,4.507,NA,NA,NA,NA
SEN_118,68.567,79.883,3.843,0.258,0.99,8.752,8.875,1953.077,14.305,57.353,77.274,4.124,0.208,0.788,14.915,0.699,1141.026,6.763,59.766,83.111,3.052,0.271,0.932,15.758,2.192,1463.339,8.436,77.005,322.635,5.325,79.115,0.246,2161.56,20.11
SMC_214,48.147,66.555,3.337,0.213,0.678,11.363,-1.506,1126.018,7.501,41.881,70.017,3.213,0.229,0.737,30.285,6.73,1206.855,6.828,45.091,70.665,3.66,0.227,0.79,18.994,11.907,1002.263,5.606,67.045,28.611,1.313,74.622,0.242,828.446,9.02
SMR_155,55.746,70.21,2.923,0.303,0.92,13.263,2.424,1633.618,12.647,28.765,63.647,1.711,0.266,0.466,35.67,9.468,672.652,4.714,43.497,72.57,1.685,0.328,0.749,23.503,8.635,1188.027,6.714,NA,33.104,2.869,74.136,NA,NA,NA
VAP_001,66.434,80.959,4.636,0.198,0.92,11.201,-0.789,1722.137,12.87,32.563,75.985,3.675,0.199,0.643,30.59,5.342,803.483,4.721,NA,77.031,2.902,0.214,0.679,19.543,9.782,696.87,3.846,72.858,128.82,1.351,80.655,0.222,1304.366,13.408
GCDT_028,NA,NA,NA,NA,NA,NA,NA,NA,NA,55.311,75.5,3.179,0.241,0.722,24.023,NA,1664.713,8.888,53.038,72.994,2.871,0.251,0.814,16.457,32.4,1238.761,6.059,NA,NA,NA,78.731,0.253,1374.564,14.268
GCDT_053,NA,NA,NA,NA,NA,NA,NA,NA,NA,32.819,75.858,2.126,0.253,0.555,21.863,NA,708.459,4.214,50.262,81.301,2.645,0.226,0.7,17.531,NA,1167.5,6.245,76.897,205.565,2.154,80.952,0.266,1571.042,14.299
GCDT_030,NA,NA,NA,NA,NA,NA,NA,NA,NA,NA,NA,NA,NA,NA,NA,NA,NA,NA,43.242,71.084,3.286,0.297,0.761,25.514,8.069,1278.023,15.071,72.142,185.926,3.39,80.178,0.267,1250.561,16.253
SEF_016,NA,NA,NA,NA,NA,NA,NA,NA,NA,NA,NA,NA,NA,NA,NA,NA,NA,NA,NA,NA,NA,NA,NA,NA,NA,NA,NA,76.127,252.05,3.219,NA,NA,NA,NA
SEN_052,NA,NA,NA,NA,NA,NA,NA,NA,NA,NA,NA,NA,NA,NA,NA,NA,NA,NA,NA,NA,NA,NA,NA,NA,NA,NA,NA,75.491,152.643,1.527,NA,NA,NA,NA
